,JUNCTION,ID
0,"('香蜜湖路', '滨河大道')",0
1,"('香蜜湖路', '深南大道')",1
2,"('香蜜湖路', '红荔西路')",2
3,"('香蜜湖路', '侨香路')",3
4,"('香蜜湖路', '北环大道')",4
5,"('滨河大道', '船步路')",5
6,"('滨河大道', '红岭南路')",6
7,"('滨河大道', '上步南路')",7
8,"('滨河大道', '华强南路')",8
9,"('滨河大道', '福田路')",9
10,"('滨河大道', '皇岗路')",10
11,"('滨河大道', '彩田路')",11
12,"('滨河大道', '金田路(福田)')",12
13,"('滨河大道', '益田路')",13
14,"('滨河大道', '新洲路')",14
15,"('滨河大道', '沙嘴路')",15
16,"('滨河大道', '香蜜湖路')",16
17,"('滨河大道', '滨海大道')",17
18,"('福龙路', '北环大道')",18
19,"('福龙路', '南坪快速路')",19
20,"('福龙路', '留仙大道')",20
21,"('福龙路', '人民路(龙华)')",21
22,"('福龙路', '和平路(龙华)')",22
23,"('福龙路', '布龙公路')",23
24,"('滨海大道', '滨河大道')",24
25,"('滨海大道', '侨城东路')",25
26,"('滨海大道', '深湾五路')",26
27,"('滨海大道', '沙河东路')",27
28,"('滨海大道', '沙河西路')",28
29,"('滨海大道', '科苑南路')",29
30,"('滨海大道', '后海大道')",30
31,"('滨海大道', '南海大道')",31
32,"('滨海大道', '南山大道')",32
33,"('北环大道', '泥岗西路')",33
34,"('北环大道', '皇岗路')",34
35,"('北环大道', '彩田路')",35
36,"('北环大道', '中康路')",36
37,"('北环大道', '梅村路')",37
38,"('北环大道', '新洲路')",38
39,"('北环大道', '景田路')",39
40,"('北环大道', '香梅路')",40
41,"('北环大道', '香蜜湖路')",41
42,"('北环大道', '南坪快速路')",42
43,"('北环大道', '侨香路')",43
44,"('北环大道', '沙河东路')",44
45,"('北环大道', '沙河西路')",45
46,"('北环大道', '科苑北路')",46
47,"('北环大道', '南海大道')",47
48,"('北环大道', '南山大道')",48
49,"('北环大道', '深南大道')",49
50,"('福田南路', '百合路')",50
51,"('福田南路', '滨河大道辅道')",51
52,"('红荔西路', '新洲路')",52
53,"('红荔西路', '景田路')",53
54,"('红荔西路', '香梅路')",54
55,"('红荔西路', '香蜜湖路')",55
56,"('红荔西路', '农园路')",56
57,"('红荔西路', '农林路')",57
58,"('皇岗北路', '北环大道')",58
59,"('皇岗北路', '梅观路')",59
60,"('梅丽路', '梅华路')",60
61,"('梅丽路', '梅林路')",61
62,"('深南中路', '深南东路')",62
63,"('深南中路', '上步中路')",63
64,"('深南中路', '华强北路')",64
65,"('深南中路', '华富路')",65
66,"('深南中路', '深南大道')",66
67,"('东滨路', '南光路')",67
68,"('东滨路', '南海大道')",68
69,"('东滨路', '后海大道')",69
70,"('东滨路', '后海滨路')",70
71,"('东滨路', '科苑大道')",71
72,"('东滨路', '沙河西路')",72
73,"('后海大道', '八号路')",73
74,"('后海大道', '工业七路')",74
75,"('后海大道', '工业八路')",75
76,"('后海大道', '东滨路')",76
77,"('后海大道', '登良路')",77
78,"('后海大道', '创业路(南山)')",78
79,"('后海大道', '滨海大道')",79
80,"('后海大道', '学府路')",80
81,"('兴海大道', '西港路')",81
82,"('兴海大道', '月亮湾大道')",82
83,"('兴海大道', '广深沿江高速')",83
84,"('妈湾大道', '右炮台路')",84
85,"('妈湾大道', '月亮湾大道')",85
86,"('妈湾大道', '听海路')",86
87,"('月亮湾大道', '妈湾大道')",87
88,"('月亮湾大道', '兴海大道')",88
89,"('月亮湾大道', '沿江高速')",89
90,"('月亮湾大道', '东滨路')",90
91,"('月亮湾大道', '桂庙路')",91
92,"('月亮湾大道', '学府路')",92
93,"('月亮湾大道', '桃园路')",93
94,"('月亮湾大道', '宝安大道')",94
95,"('月亮湾大道', '北环大道')",95
96,"('宝安大道', '深南大道')",96
97,"('宝安大道', '前海路')",97
98,"('宝安大道', '月亮湾大道')",98
99,"('宝安大道', '湖滨中路')",99
100,"('宝安大道', '新安一路')",100
101,"('宝安大道', '兴华一路')",101
102,"('宝安大道', '裕安一路')",102
103,"('宝安大道', '新安六路')",103
104,"('宝安大道', '海城路')",104
105,"('宝安大道', '西乡大道')",105
106,"('宝安大道', '银田路')",106
107,"('宝安大道', '固戍一路')",107
108,"('宝安大道', '航城大道')",108
109,"('宝安大道', '疏港通道')",109
110,"('宝安大道', '机场南路')",110
111,"('宝安大道', '兴华路(福永)')",111
112,"('宝安大道', '机场道')",112
113,"('宝安大道', '翠岗西路')",113
114,"('宝安大道', '福永大道')",114
115,"('宝安大道', '永福路')",115
116,"('宝安大道', '福海大道')",116
117,"('宝安大道', '重庆路')",117
118,"('宝安大道', '桥和路')",118
119,"('宝安大道', '凤塘大道')",119
120,"('宝安大道', '南波大道')",120
121,"('宝安大道', '南环路')",121
122,"('宝安大道', '新沙路(沙井)')",122
123,"('宝安大道', '北环路')",123
124,"('宝安大道', '新和大道')",124
125,"('宝安大道', '广深高速公路')",125
126,"('宝安大道', '松明大道')",126
127,"('宝安大道', '沙江路')",127
128,"('宝安大道', '广深公路')",128
129,"('沙河东路', '滨海大道')",129
130,"('沙河东路', '白石路')",130
131,"('洲石公路', '九围路')",131
132,"('洲石公路', '黄布麻路')",132
133,"('洲石公路', '南光高速公路')",133
134,"('洲石公路', '塘头大道')",134
135,"('洲石公路', '松白路')",135
136,"('洲石公路', '机荷高速公路')",136
137,"('洲石公路', '广深高速公路')",137
138,"('洲石公路', '前进二路')",138
139,"('洲石公路', '广深公路')",139
140,"('宝石路', '创业二路')",140
141,"('宝石路', '上川路')",141
142,"('宝石路', '南光高速公路')",142
143,"('宝石路', '松白路')",143
144,"('新和大道', '广深公路')",144
145,"('新和大道', '中心路（宝安）')",145
146,"('新和大道', '宝安大道')",146
147,"('新和大道', '大埔路')",147
148,"('新和大道', '环镇路')",148
149,"('新和大道', '沙井路')",149
150,"('新和大道', '西环路(沙井)')",150
151,"('北环路', '广深公路')",151
152,"('北环路', '中心路（宝安）')",152
153,"('北环路', '宝安大道')",153
154,"('北环路', '岗头路')",154
155,"('北环路', '环镇路')",155
156,"('北环路', '西环路(沙井)')",156
157,"('北环路', '锦程路')",157
158,"('南环路', '广深公路')",158
159,"('南环路', '中心路（宝安）')",159
160,"('南环路', '宝安大道')",160
161,"('南环路', '环镇路')",161
162,"('南环路', '沙井路')",162
163,"('南环路', '西环路(沙井)')",163
164,"('南环路', '松福大道')",164
165,"('南环路', '锦程路')",165
166,"('凤塘大道', '凤凰山大道')",166
167,"('凤塘大道', '大洋路')",167
168,"('凤塘大道', '宝安大道')",168
169,"('凤塘大道', '桥塘路')",169
170,"('凤塘大道', '永福路')",170
171,"('凤塘大道', '松福大道')",171
172,"('凤塘大道', '沿江高速')",172
173,"('福海大道', '广深公路')",173
174,"('福海大道', '政丰北路')",174
175,"('福海大道', '宝安大道')",175
176,"('福海大道', '永福路')",176
177,"('永福路', '宝安大道')",177
178,"('永福路', '福海大道')",178
179,"('永福路', '豪业路')",179
180,"('永福路', '重庆路')",180
181,"('永福路', '桥和路')",181
182,"('永福路', '荔园路(福永)')",182
183,"('永福路', '凤塘大道')",183
184,"('永福路', '兴业西路')",184
185,"('永福路', '西环路(沙井)')",185
186,"('宝源路', '新安六路')",186
187,"('宝源路', '海城路')",187
188,"('宝源路', '西乡大道')",188
189,"('宝源路', '银田路')",189
190,"('宝源路', '碧湾路')",190
191,"('宝源路', '文昌路')",191
192,"('宝源路', '航城大道')",192
193,"('宝源路', '疏港通道')",193
194,"('新安六路', '宝安大道')",194
195,"('新安六路', '新湖路')",195
196,"('新安六路', '宝源路')",196
197,"('新安六路', '海宾大道')",197
198,"('沙河东路', '深南大道')",198
199,"('沙河东路', '香山西街')",199
200,"('沙河东路', '北环大道')",200
201,"('沙河东路', '广深高速公路')",201
202,"('沙河西路', '望海路')",202
203,"('沙河西路', '滨海大道')",203
204,"('沙河西路', '高新南十道')",204
205,"('沙河西路', '白石路')",205
206,"('沙河西路', '深南大道')",206
207,"('沙河西路', '北环大道')",207
208,"('沙河西路', '广深高速公路')",208
209,"('沙河西路', '茶光路')",209
210,"('沙河西路', '留仙大道')",210
211,"('沙河西路', '西丽路')",211
212,"('沙河西路', '同发路')",212
213,"('沙河西路', '同乐路')",213
214,"('沙河西路', '松白路')",214
215,"('南海大道', '港湾大道')",215
216,"('南海大道', '工业三路')",216
217,"('南海大道', '工业六路')",217
218,"('南海大道', '工业七路')",218
219,"('南海大道', '工业八路')",219
220,"('南海大道', '东滨路')",220
221,"('南海大道', '登良路')",221
222,"('南海大道', '创业路(南山)')",222
223,"('南海大道', '滨海大道')",223
224,"('南海大道', '学府路')",224
225,"('南海大道', '桃园路')",225
226,"('南海大道', '深南大道')",226
227,"('南海大道', '高新中二道')",227
228,"('南海大道', '北环大道')",228
229,"('南海大道', '朗山路')",229
230,"('南海大道', '同乐路')",230
231,"('爱榕路', '招商路')",231
232,"('爱榕路', '工业八路')",232
233,"('爱榕路', '沿江高速')",233
234,"('登良路', '后海滨路')",234
235,"('登良路', '后海大道')",235
236,"('登良路', '南海大道')",236
237,"('登良路', '南山大道')",237
238,"('登良路', '南新路')",238
239,"('二号路', '沙河西路')",239
240,"('二号路', '同乐路')",240
241,"('高新南十道', '沙河西路')",241
242,"('高新南十道', '科苑南路')",242
243,"('高新南四道', '沙河西路')",243
244,"('高新南四道', '科技南路')",244
245,"('高新南四道', '科苑南路')",245
246,"('高新中二道', '科苑路')",246
247,"('高新中二道', '科技中二路')",247
248,"('高新中二道', '南海大道')",248
249,"('工业八路', '科院南路（南侧）')",249
250,"('工业八路', '后海滨路')",250
251,"('工业八路', '后海大道')",251
252,"('工业八路', '公园路(南山)')",252
253,"('工业八路', '南海大道')",253
254,"('工业六路', '水湾路')",254
255,"('工业六路', '南海大道')",255
256,"('工业三路', '太子路')",256
257,"('工业三路', '沿山路')",257
258,"('海德二道', '后海滨路')",258
259,"('海德二道', '后海大道')",259
260,"('海德二道', '南海大道')",260
261,"('海德二道', '南山大道')",261
262,"('海德二道', '南新路')",262
263,"('后海滨路', '望海路')",263
264,"('后海滨路', '工业七路')",264
265,"('后海滨路', '工业八路')",265
266,"('后海滨路', '东滨路')",266
267,"('后海滨路', '登良路')",267
268,"('后海滨路', '创业路(南山)')",268
269,"('后海滨路', '滨海大道')",269
270,"('科华路', '青梧路')",270
271,"('科华路', '科苑路')",271
272,"('科技南路', '滨海大道')",272
273,"('科技南路', '高新南十道')",273
274,"('科技南路', '白石路')",274
275,"('科技南路', '深南大道')",275
276,"('科技南十路', '高新南四道')",276
277,"('科技南十路', '深南大道')",277
278,"('科技中二路', '深南大道')",278
279,"('科技中二路', '高新中二道')",279
280,"('科技中二路', '北环大道')",280
281,"('朗山二号路', '北环大道')",281
282,"('朗山二号路', '广深高速公路')",282
283,"('朗山路', '沙河西路')",283
284,"('朗山路', '松坪山路')",284
285,"('朗山路', '科苑路')",285
286,"('朗山路', '朗山二号路')",286
287,"('朗山路', '南海大道')",287
288,"('丽水路', '留仙大道')",288
289,"('丽水路', '学苑大道')",289
290,"('丽水路', '西丽路')",290
291,"('龙井路', '龙珠八路')",291
292,"('龙井路', '龙珠四路')",292
293,"('龙井路', ' 龙珠三路')",293
294,"('龙井路', '龙珠三路')",294
295,"('龙井路', '龙珠大道')",295
296,"('南光路', '东滨路')",296
297,"('南光路', '登良路')",297
298,"('南光路', '创业路(南山)')",298
299,"('南光路', '滨海大道')",299
300,"('南光路', '学府路')",300
301,"('南光路', '桃园路')",301
302,"('南光路', '深南大道')",302
303,"('盐梅路', '盐坝高速(小梅沙收费站)')",303
304,"('盐梅路', '环梅路')",304
305,"('盐梅路', '北山道')",305
306,"('南头街', '南光路')",306
307,"('南头街', '南山大道')",307
308,"('南头街', '南新路')",308
309,"('南头街', '前海路')",309
310,"('南新路', '东滨路')",310
311,"('南新路', '登良路')",311
312,"('南新路', '海德二道')",312
313,"('南新路', '学府路')",313
314,"('南新路', '桃园路')",314
315,"('南新路', '深南大道')",315
316,"('青梧路', '文华路')",316
317,"('青梧路', '科华路')",317
318,"('深湾四路', '滨海大道')",318
319,"('深湾四路', '白石路')",319
320,"('深湾五路', '滨海大道')",320
321,"('深湾五路', '白石路')",321
322,"('水湾路', '招商路')",322
323,"('水湾路', '工业六路')",323
324,"('松坪山路', '北环大道')",324
325,"('松坪山路', '广深高速公路')",325
326,"('太子路', '雨水路')",326
327,"('太子路', '工业三路')",327
328,"('塘长路', '留仙大道')",328
329,"('塘长路', '学苑大道')",329
330,"('同安路', '南山大道')",330
331,"('同安路', '边检路')",331
332,"('同发路', '留仙大道')",332
333,"('同发路', '沙河西路')",333
334,"('铜鼓路', '深南大道')",334
335,"('铜鼓路', '文华路')",335
336,"('铜鼓路', '北环大道')",336
337,"('文华路', '铜鼓路')",337
338,"('文华路', '青梧路')",338
339,"('文心二路', '创业路(南山)')",339
340,"('文心二路', '滨海大道')",340
341,"('西丽路', '丽水路')",341
342,"('西丽路', '沙河西路')",342
343,"('香山西街', '侨香路')",343
344,"('香山西街', '沙河东路')",344
345,"('新湖路', '新安一路')",345
346,"('新湖路', '甲岸路')",346
347,"('新湖路', '创业一路')",347
348,"('新湖路', '裕安一路')",348
349,"('新湖路', '新安六路')",349
350,"('新湖路', '海城路')",350
351,"('新湖路', '西乡大道')",351
352,"('新湖路', '银田路')",352
353,"('学府路', '科苑南路')",353
354,"('学府路', '白石路')",354
355,"('学府路', '南海大道')",355
356,"('学府路', '南山大道')",356
357,"('学府路', '南新路')",357
358,"('学府路', '前海路')",358
359,"('学府路', '月亮湾大道')",359
360,"('学苑大道', '塘长路')",360
361,"('学苑大道', '丽水路')",361
362,"('学苑大道', '留仙大道')",362
363,"('沿山路', '工业八路')",363
364,"('沿山路', '南山公园')",364
365,"('艺园路', '玉泉路')",365
366,"('艺园路', '北环大道')",366
367,"('雨水路', '公园南路(南山)')",367
368,"('雨水路', '太子路')",368
369,"('玉泉路', '南海大道')",369
370,"('玉泉路', '南山大道')",370
371,"('招商东路', '科院南路（南侧）')",371
372,"('招商东路', '后海大道')",372
373,"('招商路', '爱榕路')",373
374,"('招商路', '水湾路')",374
375,"('中山园路', '茶光路')",375
376,"('中山园路', '广深高速公路')",376
377,"('中山园路', '南山大道')",377
378,"('珠光北路', '珠光南路')",378
379,"('珠光北路', '留仙大道')",379
380,"('珠光南路', '珠光北路')",380
381,"('珠光南路', '龙珠大道')",381
382,"('洪安路', '北山道')",382
383,"('洪安路', '东海道')",383
384,"('洪安路', '明珠大道')",384
385,"('深葵路', '坪葵路')",385
386,"('深葵路', '盐坝高速(土洋收费站)')",386
387,"('深葵路', '盐坝高速(溪涌收费站)')",387
388,"('深葵路', '盐坝高速(小梅沙收费站)')",388
389,"('三六零省道', '坪西路')",389
390,"('三六零省道', '葵鹏路')",390
391,"('永安路', '北山道')",391
392,"('永安路', '东海道')",392
393,"('永安路', '明珠大道')",393
394,"('永安路', '盐排高速')",394
395,"('盐田路', '北山道')",395
396,"('盐田路', '东海道')",396
397,"('盐田路', '明珠大道')",397
398,"('盐田路', '盐排高速')",398
399,"('明珠大道', '盐排高速')",399
400,"('明珠大道', '洪安路')",400
401,"('明珠大道', '盐田路')",401
402,"('明珠大道', '永安路')",402
403,"('明珠大道', '东海道')",403
404,"('北山道', '海鲜街')",404
405,"('北山道', '盐坝高速')",405
406,"('北山道', '洪安路')",406
407,"('北山道', '盐田路')",407
408,"('北山道', '永安路')",408
409,"('深盐路', '东海道')",409
410,"('深盐路', '明珠大道')",410
411,"('深盐路', '盐排高速')",411
412,"('深盐路', '梧桐路')",412
413,"('深盐路', '海山路')",413
414,"('深盐路', '沙盐路')",414
415,"('深盐路', '沙深路')",415
416,"('海景二路', '海涛路')",416
417,"('海景二路', '临海路')",417
418,"('锦绣中路', '锦绣东路')",418
419,"('锦绣中路', '兰景路')",419
420,"('海涛路', '沙深路')",420
421,"('海涛路', '深盐路')",421
422,"('金融路', '海景二路')",422
423,"('金融路', '公园路(盐田)')",423
424,"('爱群路', '松白路')",424
425,"('爱群路', '石岩北环路')",425
426,"('宝石东路', '石观路')",426
427,"('宝石东路', '吉祥路(石岩)')",427
428,"('宝石东路', '田心大道')",428
429,"('宝石东路', '宝石南路')",429
430,"('宝石西路', '宝石南路')",430
431,"('宝石西路', '松白路')",431
432,"('宝源南路', '裕安路')",432
433,"('宝源南路', '罗田路')",433
434,"('宝源南路', '新安六路')",434
435,"('凤凰山大道', '福凤路')",435
436,"('凤凰山大道', '广深高速公路')",436
437,"('凤凰山大道', '广深公路')",437
438,"('福洲大道（福永）', '福海大道')",438
439,"('福洲大道（福永）', '同富路(福永)')",439
440,"('福洲大道（福永）', '永和路')",440
441,"('福洲大道（福永）', '松福大道')",441
442,"('福洲大道（福永）', '福园一路')",442
443,"('观天路', '环观南路')",443
444,"('观天路', '东湖路(观澜)')",444
445,"('观天路', '高尔夫大道')",445
446,"('海宾大道', '辅三路')",446
447,"('海宾大道', '海城路')",447
448,"('海宾大道', '西乡大道')",448
449,"('和沙路', '凤塘大道')",449
450,"('和沙路', '建安路')",450
451,"('和沙路', '兴业西路')",451
452,"('机场道', '广深高速公路')",452
453,"('机场道', '广深公路')",453
454,"('机场道', '宝安大道')",454
455,"('金湾大道', '辅三路')",455
456,"('金湾大道', '沿江高速')",456
457,"('金湾大道', '疏港通道')",457
458,"('沙井路', '兴业西路')",458
459,"('沙井路', '南环路')",459
460,"('沙井路', '金沙二路')",460
461,"('沙井路', '新沙路(沙井)')",461
462,"('沙井路', '新和大道')",462
463,"('沙井路', '广深高速公路')",463
464,"('石岩北环路', '石观路')",464
465,"('石岩北环路', '田心大道')",465
466,"('石岩北环路', '爱群路')",466
467,"('石岩北环路', '石岩外环路')",467
468,"('石岩北环路', '松白路')",468
469,"('疏港通道', '宝安大道')",469
470,"('疏港通道', '宝源路')",470
471,"('清富路', '布龙路')",471
472,"('清富路', '工业路')",472
473,"('田园路', '芙蓉路')",473
474,"('田园路', '华美路')",474
475,"('田园路', '东方大道')",475
476,"('田园路', '楼岗大道')",476
477,"('新安三路', '洪浪北路')",477
478,"('新安三路', '创业二路')",478
479,"('新安三路', '裕安二路')",479
480,"('新安三路', '上川路')",480
481,"('新安西路', '新湖路')",481
482,"('新安西路', '海天路')",482
483,"('广田路', '龙大高速公路')",483
484,"('广田路', '朝阳路')",484
485,"('广田路', '红湖路')",485
486,"('广田路', '松罗路')",486
487,"('广田路', '众福路')",487
488,"('广田路', '广深公路')",488
489,"('宝石南路', '松白路')",489
490,"('宝石南路', '洲石公路')",490
491,"('宝石南路', '罗租路')",491
492,"('宝石南路', '河滨南路')",492
493,"('宝石南路', '宝石西路')",493
494,"('石观路', '龙大高速公路')",494
495,"('石观路', '机荷高速公路')",495
496,"('石观路', '石龙大道')",496
497,"('石观路', '长城路')",497
498,"('石观路', '石岩北环路')",498
499,"('松明大道', '广深公路')",499
500,"('松明大道', '红星大道')",500
501,"('松明大道', '松瑞路')",501
502,"('松明大道', '宝安大道')",502
503,"('梅观路', '皇岗北路')",503
504,"('梅观路', '南坪快速路')",504
505,"('梅观路', '梅坂大道')",505
506,"('梅观路', '梅观高速公路')",506
507,"('华富路', '深南中路')",507
508,"('华富路', '振华路')",508
509,"('华富路', '红荔路')",509
510,"('华富路', '泥岗西路')",510
511,"('福田路', '滨河大道')",511
512,"('福田路', '福华路')",512
513,"('福田路', '深南大道')",513
514,"('益田路', '广深高速公路')",514
515,"('益田路', '福强路')",515
516,"('益田路', '福民路(福田)')",516
517,"('益田路', '滨河大道')",517
518,"('益田路', '福华路')",518
519,"('益田路', '深南大道')",519
520,"('益田路', '红荔路')",520
521,"('福强路', '滨河大道')",521
522,"('福强路', '沙嘴路')",522
523,"('福强路', '新洲路')",523
524,"('福强路', '益田路')",524
525,"('福强路', '金田路(福田)')",525
526,"('福强路', '福民路(福田)')",526
527,"('福强路', '彩田路')",527
528,"('白石路', '广深高速公路')",528
529,"('白石路', '红树林路')",529
530,"('白石路', '侨城东路')",530
531,"('白石路', '深湾五路')",531
532,"('白石路', '沙河东路')",532
533,"('白石路', '沙河西路')",533
534,"('白石路', '科技南路')",534
535,"('白石路', '科苑南路')",535
536,"('白石路', '学府路')",536
537,"('侨香路', '香梅路')",537
538,"('侨香路', '香蜜湖路')",538
539,"('侨香路', '农园路')",539
540,"('侨香路', '农林路')",540
541,"('侨香路', '侨城东路')",541
542,"('侨香路', '深云路')",542
543,"('侨香路', '北环大道')",543
544,"('彩田路', '滨河大道')",544
545,"('彩田路', '福华路')",545
546,"('彩田路', '深南大道')",546
547,"('彩田路', '红荔路')",547
548,"('彩田路', '笋岗西路')",548
549,"('彩田路', '北环大道')",549
550,"('彩田路', '梅观路')",550
551,"('侨城东路', '白石路')",551
552,"('侨城东路', '深南大道')",552
553,"('侨城东路', '侨香路')",553
554,"('上步北路', '笋岗西路')",554
555,"('上步北路', '泥岗西路')",555
556,"('上步南路', '滨河大道')",556
557,"('上步南路', '深南中路')",557
558,"('上步中路', '深南中路')",558
559,"('上步中路', '红荔路')",559
560,"('上步中路', '笋岗西路')",560
561,"('红岭北路', '笋岗东路')",561
562,"('红岭北路', '梅园路')",562
563,"('红岭北路', '红岗路')",563
564,"('红岭南路', '滨河大道')",564
565,"('红岭南路', '深南中路')",565
566,"('红岭中路', '深南中路')",566
567,"('红岭中路', '红桂路')",567
568,"('红岭中路', '笋岗东路')",568
569,"('新洲路', '福荣路')",569
570,"('新洲路', '福强路')",570
571,"('新洲路', '福民路(福田)')",571
572,"('新洲路', '滨河大道')",572
573,"('新洲路', '深南大道')",573
574,"('新洲路', '红荔路')",574
575,"('新洲路', '莲花路(福田)')",575
576,"('新洲路', '北环大道')",576
577,"('皇岗路', '广深高速公路')",577
578,"('皇岗路', '滨河大道')",578
579,"('皇岗路', '福华路')",579
580,"('皇岗路', '深南大道')",580
581,"('皇岗路', '红荔路')",581
582,"('皇岗路', '笋岗西路')",582
583,"('皇岗路', '北环大道')",583
584,"('笋岗西路', '红岭北路')",584
585,"('笋岗西路', '八卦路')",585
586,"('笋岗西路', '上步北路')",586
587,"('笋岗西路', '泥岗西路')",587
588,"('笋岗西路', '皇岗路')",588
589,"('笋岗西路', '彩田路')",589
590,"('深南大道', '深南中路')",590
591,"('深南大道', '彩田路')",591
592,"('深南大道', '金田路(福田)')",592
593,"('深南大道', '益田路')",593
594,"('深南大道', '新洲路')",594
595,"('深南大道', '香梅路')",595
596,"('深南大道', '香蜜湖路')",596
597,"('深南大道', '农园路')",597
598,"('深南大道', '广深高速')",598
599,"('深南大道', '侨城东路')",599
600,"('深南大道', '沙河东路')",600
601,"('深南大道', '沙河西路')",601
602,"('深南大道', '铜鼓路')",602
603,"('深南大道', '科技南路')",603
604,"('深南大道', '科苑南路')",604
605,"('深南大道', '科技中二路')",605
606,"('深南大道', '南海大道')",606
607,"('深南大道', '南山大道')",607
608,"('深南大道', '前海路')",608
609,"('深南大道', '广深公路')",609
610,"('八卦路', '笋岗西路')",610
611,"('八卦路', '八卦三路')",611
612,"('八卦路', '泥岗西路')",612
613,"('八卦三路', '红岭北路')",613
614,"('八卦三路', '八卦路')",614
615,"('八卦三路', '上步北路')",615
616,"('八卦三路', '泥岗西路')",616
617,"('福华路', '南园路')",617
618,"('福华路', '福田路')",618
619,"('福华路', '皇岗路')",619
620,"('福华路', '彩田路')",620
621,"('福华路', '金田路(福田)')",621
622,"('福华路', '益田路')",622
623,"('福华路', '新洲路')",623
624,"('福荣路', '益田路')",624
625,"('福荣路', '新洲路')",625
626,"('福荣路', '沙嘴路')",626
627,"('福荣路', '滨河大道')",627
628,"('福田四号路', '皇岗路')",628
629,"('福田四号路', '益田路')",629
630,"('海田路', '深南大道')",630
631,"('海田路', '红荔路')",631
632,"('宏威路', '莲花路(福田)')",632
633,"('宏威路', '北环大道')",633
634,"('景田路', '新闻路')",634
635,"('景田路', '红荔西路')",635
636,"('景田路', '莲花路(福田)')",636
637,"('景田路', '北环大道')",637
638,"('景田路', ' 新闻路')",638
639,"('凯丰路', '北环大道')",639
640,"('凯丰路', '梅观路')",640
641,"('梅村路', '北环大道')",641
642,"('梅村路', '梅林路')",642
643,"('梅华路', '凯丰路')",643
644,"('梅华路', '中康路')",644
645,"('梅华路', '梅村路')",645
646,"('梅华路', '梅秀路')",646
647,"('梅华路', '新洲路')",647
648,"('梅林路', '皇岗路')",648
649,"('梅林路', '彩田路')",649
650,"('梅林路', '中康路')",650
651,"('梅林路', '梅村路')",651
652,"('梅林路', '梅秀路')",652
653,"('梅林路', '梅丽路')",653
654,"('梅林路', '北环大道')",654
655,"('梅山街', '梅林路')",655
656,"('梅山街', '梅山路')",656
657,"('梅秀路', '北环大道')",657
658,"('梅秀路', '梅林路')",658
659,"('梅坳二路', '中康路')",659
660,"('梅坳二路', '梅坳五路')",660
661,"('民田路', '滨河大道')",661
662,"('民田路', '深南大道')",662
663,"('南园路', '上步南路')",663
664,"('南园路', '华强南路')",664
665,"('农林路', '深南大道')",665
666,"('农林路', '红荔西路')",666
667,"('农林路', '侨香路')",667
668,"('农园路', '深南大道')",668
669,"('农园路', '红荔西路')",669
670,"('农园路', '侨香路')",670
671,"('沙嘴路', '福荣路')",671
672,"('沙嘴路', '福强路')",672
673,"('沙嘴路', '滨河大道')",673
674,"('泰然九路', '滨河大道')",674
675,"('泰然九路', '深南大道')",675
676,"('下梅林一街', '梅林路')",676
677,"('下梅林一街', '香梅路')",677
678,"('香梅路', '深南大道')",678
679,"('香梅路', '红荔西路')",679
680,"('香梅路', '莲花路(福田)')",680
681,"('香梅路', '侨香路')",681
682,"('香梅路', '北环大道')",682
683,"('雨田路', '莲花路(福田)')",683
684,"('雨田路', '北环大道')",684
685,"('振华路', '华强北路')",685
686,"('振华路', '华富路')",686
687,"('振华路', '上步中路')",687
688,"('振华西路', '华富路')",688
689,"('振华西路', '皇岗路')",689
690,"('中康路', '北环大道')",690
691,"('中康路', '梅坳二路')",691
692,"('华强北路', '深南中路')",692
693,"('华强北路', '红荔路')",693
694,"('华强北路', '笋岗西路')",694
695,"('华强南路', '滨河大道')",695
696,"('华强南路', '深南中路')",696
697,"('爱国路高架桥', '沿河路')",697
698,"('爱国路高架桥', '布心路')",698
699,"('深盐二通道', '盐坝高速公路')",699
700,"('深盐二通道', '罗沙路')",700
701,"('丹平快速路', '爱国路')",701
702,"('丹平快速路', '布沙路')",702
703,"('丹平快速路', '龙岗大道')",703
704,"('丹平快速路', '盛宝路')",704
705,"('丹平快速路', '横东岭路')",705
706,"('丹平快速路', '丹平公路')",706
707,"('沿河北路', '黄贝路')",707
708,"('沿河北路', '怡景路')",708
709,"('沿河北路', '深南东路')",709
710,"('沿河北路', '文锦南路')",710
711,"('沿河北路', '江背路')",711
712,"('沿河路', '江背路')",712
713,"('沿河路', '文锦南路')",713
714,"('沿河路', '深南东路')",714
715,"('沿河路', '怡景路')",715
716,"('沿河路', '黄贝路')",716
717,"('泥岗东路', '文锦北路')",717
718,"('泥岗东路', '宝岗路')",718
719,"('泥岗东路', '泥岗西路')",719
720,"('布心路', '爱国路')",720
721,"('布心路', '翠竹路(罗湖)')",721
722,"('布心路', '文锦北路')",722
723,"('船步路', '沿河路')",723
724,"('船步路', '滨河大道')",724
725,"('东门北路', '爱国路')",725
726,"('东门北路', '翠竹路(罗湖)')",726
727,"('东门北路', '文锦北路')",727
728,"('文锦中路', '深南东路')",728
729,"('文锦中路', '爱国路')",729
730,"('文锦中路', '文锦北路')",730
731,"('新秀路', '罗芳路')",731
732,"('新秀路', '深南东路')",732
733,"('怡景路', '罗沙路')",733
734,"('怡景路', '黄贝路')",734
735,"('怡景路', '爱国路')",735
736,"('爱国路', '东湖路(罗湖)')",736
737,"('爱国路', '布心路')",737
738,"('爱国路', '太宁路')",738
739,"('爱国路', '沿河路')",739
740,"('爱国路', '怡景路')",740
741,"('爱国路', '华丽路')",741
742,"('爱国路', '文锦中路')",742
743,"('罗沙路', '沙深路')",743
744,"('罗沙路', '长岭路')",744
745,"('罗沙路', '畔山路')",745
746,"('罗沙路', '鹏兴路')",746
747,"('罗沙路', '延芳路')",747
748,"('罗沙路', '沿河北路')",748
749,"('深南东路', '沿河路')",749
750,"('深南东路', '北斗路')",750
751,"('深南东路', '文锦南路')",751
752,"('深南东路', '东门中路')",752
753,"('深南东路', '建设路(罗湖)')",753
754,"('深南东路', '宝安南路')",754
755,"('深南东路', '深南中路')",755
756,"('布吉路', '布心路')",756
757,"('布吉路', '太白路')",757
758,"('布吉路', '龙岗大道')",758
759,"('龙岗大道', '惠州')",759
760,"('龙岗大道', '横坪公路')",760
761,"('龙岗大道', '富坪中路')",761
762,"('龙岗大道', '教育路')",762
763,"('龙岗大道', '环城南路')",763
764,"('龙岗大道', '丰田路')",764
765,"('龙岗大道', '深汕路')",765
766,"('龙岗大道', '碧新路')",766
767,"('龙岗大道', '龙城大道')",767
768,"('龙岗大道', '吉祥路')",768
769,"('龙岗大道', '如意路')",769
770,"('龙岗大道', '黄阁路')",770
771,"('龙岗大道', '机荷高速公路')",771
772,"('龙岗大道', '荷康路')",772
773,"('龙岗大道', '惠盐路')",773
774,"('龙岗大道', '康乐路')",774
775,"('龙岗大道', '盐排高速')",775
776,"('龙岗大道', '丹平快速路')",776
777,"('龙岗大道', '布澜路')",777
778,"('龙岗大道', '布龙路')",778
779,"('龙岗大道', '布吉路')",779
780,"('文锦北路', '文锦中路')",780
781,"('文锦北路', '田贝四路')",781
782,"('文锦北路', '布心路')",782
783,"('文锦南路', '沿河路')",783
784,"('文锦南路', '深南东路')",784
785,"('笋岗东路', '文锦北路')",785
786,"('笋岗东路', '洪湖路')",786
787,"('笋岗东路', '洪湖西路')",787
788,"('笋岗东路', '宝安北路')",788
789,"('笋岗东路', '红岭北路')",789
790,"('宝安北路', '笋岗东路')",790
791,"('宝安北路', '梅园路')",791
792,"('宝安北路', '泥岗东路')",792
793,"('宝安南路', '滨河大道')",793
794,"('宝安南路', '深南东路')",794
795,"('宝安南路', '红桂路')",795
796,"('宝安南路', '笋岗东路')",796
797,"('宝岗路', '笋岗东路')",797
798,"('宝岗路', '梅园路')",798
799,"('宝岗路', '泥岗东路')",799
800,"('北斗路', '沿河路')",800
801,"('北斗路', '深南东路')",801
802,"('春风路', '北斗路')",802
803,"('春风路', '文锦南路')",803
804,"('春风路', '船步路')",804
805,"('东门南路', '沿河路')",805
806,"('东门南路', '深南东路')",806
807,"('东门中路', '深南东路')",807
808,"('东门中路', '文锦北路')",808
809,"('洪湖路', '笋岗东路')",809
810,"('洪湖路', '田贝四路')",810
811,"('洪湖西路', '笋岗东路')",811
812,"('洪湖西路', '田贝四路')",812
813,"('洪湖西路', '泥岗东路')",813
814,"('红桂路', '蛟湖路')",814
815,"('红桂路', '红岭中路')",815
816,"('华丽路', '爱国路')",816
817,"('华丽路', '东门北路')",817
818,"('黄贝路', '沿河路')",818
819,"('黄贝路', '怡景路')",819
820,"('黄贝路', '华丽路')",820
821,"('嘉宾路', '东门南路')",821
822,"('嘉宾路', '建设路(罗湖)')",822
823,"('嘉宾路', '金塘街')",823
824,"('解放路', '新园路')",824
825,"('解放路', '解放西路')",825
826,"('解放西路', '解放路')",826
827,"('解放西路', '深南东路')",827
828,"('金稻田路', '东湖路(罗湖)')",828
829,"('金稻田路', '禾坑路')",829
830,"('金稻田路', '布吉路')",830
831,"('金华街', '金塘街')",831
832,"('金华街', '红岭南路')",832
833,"('金塘街', '嘉宾路')",833
834,"('金塘街', '金华街')",834
835,"('聚宝路', '罗沙路')",835
836,"('聚宝路', '仙湖路')",836
837,"('聚宝路', '国威路')",837
838,"('聚宝路', '仙湖山庄')",838
839,"('莲塘路', '畔山路')",839
840,"('莲塘路', '聚宝路')",840
841,"('莲塘路', '仙湖路')",841
842,"('莲塘路', '鹏兴路')",842
843,"('南湖路', '船步路')",843
844,"('南湖路', '深南东路')",844
845,"('清水河三路', '泥岗东路')",845
846,"('清水河三路', '红岗路')",846
847,"('清水河一路', '布吉路')",847
848,"('清水河一路', '红岗路')",848
849,"('人民公园路', '解放路')",849
850,"('人民公园路', '蛟湖路')",850
851,"('人民公园路', '笋岗东路')",851
852,"('三号路', '兴湖路')",852
853,"('三号路', '东门中路')",853
854,"('晒布路', '东门中路')",854
855,"('晒布路', '人民北路')",855
856,"('太白路', '东湖路(罗湖)')",856
857,"('太白路', '翠竹路(罗湖)')",857
858,"('太白路', '布吉路')",858
859,"('太宁路', '爱国路')",859
860,"('太宁路', '翠竹路(罗湖)')",860
861,"('田贝四路', '翠竹路(罗湖)')",861
862,"('田贝四路', '文锦北路')",862
863,"('田贝四路', '洪湖西路')",863
864,"('仙湖路', '罗沙路')",864
865,"('仙湖路', '莲塘路')",865
866,"('仙湖路', '国威路')",866
867,"('蛟湖路', '晒布路')",867
868,"('蛟湖路', '红桂路')",868
869,"('南坪快速路', '水官高速')",869
870,"('南坪快速路', '布龙路')",870
871,"('南坪快速路', '坂雪岗大道')",871
872,"('南坪快速路', '梅观路')",872
873,"('南坪快速路', '玉龙路')",873
874,"('南坪快速路', '福龙路')",874
875,"('南坪快速路', '塘朗山隧道')",875
876,"('南坪快速路', '广深高速公路')",876
877,"('八号路', '望海路')",877
878,"('八号路', '后海大道')",878
879,"('茶光路', '沙河西路')",879
880,"('茶光路', '同乐路')",880
881,"('港湾大道', '南海大道')",881
882,"('港湾大道', '兴海大道')",882
883,"('工业七路', '中心路（南山）')",883
884,"('工业七路', '后海大道')",884
885,"('工业七路', '公园路(南山)')",885
886,"('工业七路', '南海大道')",886
887,"('工业七路', ' 中心路（南山）')",887
888,"('科苑南路', '望海路')",888
889,"('科苑南路', '招商东路')",889
890,"('科苑南路', '工业八路')",890
891,"('科苑南路', '东滨路')",891
892,"('科苑南路', '创业路(南山)')",892
893,"('科苑南路', '滨海大道')",893
894,"('科苑南路', '高新南十道')",894
895,"('科苑南路', '白石路')",895
896,"('科苑南路', '深南大道')",896
897,"('龙珠大道', '北环大道')",897
898,"('龙珠大道', '龙珠八路')",898
899,"('龙珠大道', '龙珠四路')",899
900,"('龙珠大道', ' 龙珠三路')",900
901,"('龙珠大道', '龙珠三路')",901
902,"('龙珠大道', '沙河西路')",902
903,"('留仙大道', '梅龙路')",903
904,"('留仙大道', '新区大道')",904
905,"('留仙大道', '福龙路')",905
906,"('留仙大道', '丽水路')",906
907,"('留仙大道', '学苑大道')",907
908,"('留仙大道', '沙河西路')",908
909,"('留仙大道', '同发路')",909
910,"('留仙大道', '留仙三路')",910
911,"('松白路', '沙河西路')",911
912,"('松白路', '宝石路')",912
913,"('松白路', '塘头大道')",913
914,"('松白路', '机荷高速公路')",914
915,"('松白路', '洲石公路')",915
916,"('松白路', '爱群路')",916
917,"('松白路', '石岩北环路')",917
918,"('松白路', '玉昌东路')",918
919,"('松白路', '光侨大道')",919
920,"('松白路', '光明大道')",920
921,"('松白路', '周家路')",921
922,"('松白路', '南环大道')",922
923,"('松白路', '红花中路')",923
924,"('松白路', '长春南路')",924
925,"('松白路', '金安路')",925
926,"('松白路', '马田路')",926
927,"('松白路', '西环大道')",927
928,"('松白路', '松岗大道')",928
929,"('松白路', '广深公路')",929
930,"('同乐路', '南海大道')",930
931,"('同乐路', '茶光路')",931
932,"('同乐路', '二号路')",932
933,"('同乐路', '留仙大道')",933
934,"('同乐路', '沙河西路')",934
935,"('科苑北路', '深南大道')",935
936,"('科苑北路', '科华路')",936
937,"('科苑北路', '北环大道')",937
938,"('科苑北路', '朗山路')",938
939,"('科苑北路', '广深高速公路')",939
940,"('桃园路', '南海大道')",940
941,"('桃园路', '南山大道')",941
942,"('桃园路', '南新路')",942
943,"('桃园路', '前海路')",943
944,"('桃园路', '月亮湾大道')",944
945,"('桂庙路', '南山大道')",945
946,"('桂庙路', '南新路')",946
947,"('桂庙路', '前海路')",947
948,"('桂庙路', '月亮湾大道')",948
949,"('东滨路', '南山大道')",949
950,"('东滨路', '前海路')",950
951,"('东滨路', '月亮湾大道')",951
952,"('周家路', '将石路')",952
953,"('周家路', '松白路')",953
954,"('风景路', '松白路')",954
955,"('风景路', '创业路(公明)')",955
956,"('光祖北路', '丹梓大道')",956
957,"('光祖北路', '吉祥路')",957
958,"('光祖北路', '龙兴南路')",958
959,"('金牛路', '金牛东路')",959
960,"('金牛路', '荔景南路')",960
961,"('金牛路', '金牛西路')",961
962,"('兰景北路', '兰景路')",962
963,"('兰景北路', '吉祥路')",963
964,"('荔景南路', '金田路(坪山)')",964
965,"('荔景南路', '金牛路')",965
966,"('荔景南路', '荔景北路')",966
967,"('龙兴南路', '坪山大道')",967
968,"('龙兴南路', '龙兴北路')",968
969,"('绿梓大道', '兰竹路')",969
970,"('绿梓大道', '丹梓大道')",970
971,"('绿梓大道', '吉康路')",971
972,"('马峦路', '比亚迪路')",972
973,"('马峦路', '东纵路')",973
974,"('乌石路', '坪山大道')",974
975,"('乌石路', '深汕高速公路')",975
976,"('金牛东路', '创景路')",976
977,"('金牛东路', '金牛路')",977
978,"('兰景路', '兰景中路')",978
979,"('兰景路', '青松西路')",979
980,"('兰景路', '锦绣西路')",980
981,"('兰景路', '丹梓大道')",981
982,"('兰景路', '兰景北路')",982
983,"('金牛西路', '金牛路')",983
984,"('金牛西路', '坪山大道')",984
985,"('荔景北路', '荔景南路')",985
986,"('荔景北路', '锦绣西路')",986
987,"('荔景北路', '丹梓大道')",987
988,"('比亚迪路', '创景路')",988
989,"('比亚迪路', '坪葵路')",989
990,"('比亚迪路', '龙新路')",990
991,"('比亚迪路', '民强路')",991
992,"('比亚迪路', '江岭街')",992
993,"('比亚迪路', '坪马线公路')",993
994,"('比亚迪路', '坪山大道')",994
995,"('东纵路', '龙新路')",995
996,"('东纵路', '民强路')",996
997,"('东纵路', '江岭街')",997
998,"('东纵路', '马峦路')",998
999,"('东纵路', '坪山大道')",999
1000,"('东纵路', '深汕路')",1000
1001,"('兰竹路', '青兰二路')",1001
1002,"('兰竹路', '创景路')",1002
1003,"('兰竹路', '翠景路')",1003
1004,"('兰竹路', '兰景路')",1004
1005,"('兰竹路', '绿荫北路')",1005
1006,"('兰竹路', '荔景北路')",1006
1007,"('兰竹路', '坪山大道')",1007
1008,"('丹梓大道', '金沙路(坑梓)')",1008
1009,"('丹梓大道', '宝梓中路')",1009
1010,"('丹梓大道', '光祖北路')",1010
1011,"('丹梓大道', '兰景路')",1011
1012,"('丹梓大道', '绿梓大道')",1012
1013,"('丹梓大道', '绿荫北路')",1013
1014,"('丹梓大道', '荔景北路')",1014
1015,"('丹梓大道', '丹梓西路')",1015
1016,"('坪山大道', '金碧路(坪山)')",1016
1017,"('坪山大道', '汤坑路')",1017
1018,"('坪山大道', '锦龙大道')",1018
1019,"('坪山大道', '比亚迪路')",1019
1020,"('坪山大道', '东纵路')",1020
1021,"('坪山大道', '深汕路')",1021
1022,"('坪山大道', '金牛西路')",1022
1023,"('坪山大道', '兰竹路')",1023
1024,"('坪山大道', '丹梓大道')",1024
1025,"('坪山大道', '盘龙路')",1025
1026,"('坪山大道', '吉康路')",1026
1027,"('坪山大道', '龙兴南路')",1027
1028,"('坪山大道', '乌石路')",1028
1029,"('坪山大道', '宝梓北路')",1029
1030,"('坪山大道', '金沙路(坑梓)')",1030
1031,"('坪山大道', '人民东路')",1031
1032,"('坪山大道', '白云一路')",1032
1033,"('宝梓北路', '人民路(坑梓)')",1033
1034,"('宝梓北路', '坪山大道')",1034
1035,"('宝梓南路', '锦绣西路')",1035
1036,"('宝梓南路', '人民路(坑梓)')",1036
1037,"('创景路', '金田路(坪山)')",1037
1038,"('创景路', '金牛东路')",1038
1039,"('创景路', '兰竹路')",1039
1040,"('翠景路', '金牛东路')",1040
1041,"('翠景路', '兰竹路')",1041
1042,"('翠景路', '青松西路')",1042
1043,"('翠景路', '锦绣西路')",1043
1044,"('翠景路', '丹梓大道')",1044
1045,"('东胜街', '东门大街')",1045
1046,"('东胜街', '建设路(坪山)')",1046
1047,"('二六零乡道', '乌石路')",1047
1048,"('二六零乡道', '龙兴南路')",1048
1049,"('吉康路', '宝梓中路')",1049
1050,"('吉康路', '吉祥路')",1050
1051,"('吉康路', '坪山大道')",1051
1052,"('江岭街', '比亚迪路')",1052
1053,"('江岭街', '东纵路')",1053
1054,"('锦龙四路', '宝龙大道')",1054
1055,"('锦龙四路', '南同大道')",1055
1056,"('锦绣东路', '石化大道西')",1056
1057,"('锦绣东路', '锦绣中路')",1057
1058,"('锦绣西路', '绿荫北路')",1058
1059,"('锦绣西路', '坪山大道')",1059
1060,"('兰景中路', '金牛东路')",1060
1061,"('兰景中路', '兰竹路')",1061
1062,"('立新西路', '建设路(坪山)')",1062
1063,"('立新西路', '三洋湖路')",1063
1064,"('龙新路', '比亚迪路')",1064
1065,"('龙新路', '东纵路')",1065
1066,"('绿荫北路', '兰竹路')",1066
1067,"('绿荫北路', '丹梓大道')",1067
1068,"('民强路', '比亚迪路')",1068
1069,"('民强路', '东纵路')",1069
1070,"('乾远路', '沙坑路')",1070
1071,"('乾远路', '新沙路')",1071
1072,"('青兰二路', '兰竹路')",1072
1073,"('青兰二路', '青松西路')",1073
1074,"('青兰一路', '兰竹路')",1074
1075,"('青兰一路', '青松西路')",1075
1076,"('青松西路', '青兰二路')",1076
1077,"('青松西路', '青兰一路')",1077
1078,"('青松西路', '翠景路')",1078
1079,"('青松西路', '兰景路')",1079
1080,"('清风大道', '宝龙七路')",1080
1081,"('清风大道', '宝龙五路')",1081
1082,"('清风大道', '宝龙三路')",1082
1083,"('清风大道', '宝龙一路')",1083
1084,"('清风大道', '宝坪路')",1084
1085,"('三洋湖路', '东纵路')",1085
1086,"('三洋湖路', '立新西路')",1086
1087,"('沙新路', '比亚迪路')",1087
1088,"('沙新路', '东纵路')",1088
1089,"('汤坑路', '横坪公路(横岗)')",1089
1090,"('汤坑路', '金碧路(坪山)')",1090
1091,"('同裕路', '黄竹坑路')",1091
1092,"('同裕路', '汤坑路')",1092
1093,"('行政八路', '坪山大道')",1093
1094,"('行政八路', '新和四路')",1094
1095,"('新和四路', '行政八路')",1095
1096,"('新和四路', '丹梓西路')",1096
1097,"('秀沙路', '坪山大道')",1097
1098,"('秀沙路', '深汕高速公路')",1098
1099,"('布龙公路', '布龙路')",1099
1100,"('布龙公路', '华旺路')",1100
1101,"('布龙公路', '华兴路')",1101
1102,"('布龙公路', '龙大高速公路')",1102
1103,"('工业西路', '龙观路')",1103
1104,"('工业西路', '工业路')",1104
1105,"('观景路', '观平路')",1105
1106,"('观景路', '观光路')",1106
1107,"('华清大道', '清华东路')",1107
1108,"('华清大道', '和平路(龙华)')",1108
1109,"('华清大道', '龙观东路')",1109
1110,"('龙观东路', '龙观路')",1110
1111,"('龙观东路', '清泉路')",1111
1112,"('龙观东路', '清湖路')",1112
1113,"('龙观东路', '华清大道')",1113
1114,"('梅坂大道', '梅龙路')",1114
1115,"('梅坂大道', '五和大道')",1115
1116,"('梅龙大道', '东环一路')",1116
1117,"('梅龙大道', '东环二路')",1117
1118,"('梅龙大道', '清泉路')",1118
1119,"('梅龙大道', '清湖路')",1119
1120,"('梅龙大道', '清华东路')",1120
1121,"('民乐路', '民治大道')",1121
1122,"('民乐路', '梅龙路')",1122
1123,"('清华东路', '大和路')",1123
1124,"('清华东路', '华清大道')",1124
1125,"('清平路', '大和路')",1125
1126,"('清平路', '清华东路')",1126
1127,"('泗黎路', '观澜大道')",1127
1128,"('泗黎路', '悦兴路')",1128
1129,"('泗黎路', '观光路')",1129
1130,"('泗黎路', '桂月路')",1130
1131,"('泗黎路', '梅观高速公路')",1131
1132,"('环观南路', '观天路')",1132
1133,"('环观南路', '观平路')",1133
1134,"('环观南路', '梅观高速公路')",1134
1135,"('环观南路', '大和路')",1135
1136,"('环观南路', '观澜大道')",1136
1137,"('环观中路', '观平路')",1137
1138,"('环观中路', '梅观高速公路')",1138
1139,"('环观中路', '大和路')",1139
1140,"('观平路', '环观南路')",1140
1141,"('观平路', '石新路')",1141
1142,"('观平路', '观景路')",1142
1143,"('观平路', '环观中路')",1143
1144,"('观平路', '观澜大道')",1144
1145,"('高尔夫大道', '观天路')",1145
1146,"('高尔夫大道', '观景路')",1146
1147,"('高尔夫大道', '观平路')",1147
1148,"('东环一路', '东环二路')",1148
1149,"('东环一路', '油松路')",1149
1150,"('东环一路', '梅龙路')",1150
1151,"('东环一路', '建设路(龙华)')",1151
1152,"('东环一路', '和平路(龙华)')",1152
1153,"('东环一路', '龙观路')",1153
1154,"('东环二路', '工业路')",1154
1155,"('东环二路', '东环一路')",1155
1156,"('东环二路', '油松路')",1156
1157,"('东环二路', '梅龙大道')",1157
1158,"('东环二路', '建设东路')",1158
1159,"('东环二路', '和平路(龙华)')",1159
1160,"('东环二路', '龙观路')",1160
1161,"('观澜大道', '龙观东路')",1161
1162,"('观澜大道', '环观南路')",1162
1163,"('观澜大道', '人民路(观澜)')",1163
1164,"('观澜大道', '泗黎路')",1164
1165,"('观澜大道', '大和路')",1165
1166,"('观澜大道', '观平路')",1166
1167,"('龙观路', '布龙路')",1167
1168,"('龙观路', '华荣路')",1168
1169,"('龙观路', '工业西路')",1169
1170,"('龙观路', '人民路(龙华)')",1170
1171,"('龙观路', '东环一路')",1171
1172,"('龙观路', '龙观东路')",1172
1173,"('工业路', '东环二路')",1173
1174,"('工业路', '油松路')",1174
1175,"('工业路', '民治大道')",1175
1176,"('工业路', '梅龙路')",1176
1177,"('工业路', '人民路(龙华)')",1177
1178,"('工业路', '建设路(龙华)')",1178
1179,"('工业路', '和平路(龙华)')",1179
1180,"('工业路', '工业西路')",1180
1181,"('玉龙路', '梅龙路')",1181
1182,"('玉龙路', '新区大道')",1182
1183,"('玉龙路', '白龙路')",1183
1184,"('玉龙路', '南坪快速路')",1184
1185,"('新安四路', '新安三路')",1185
1186,"('新安四路', '公园路(新安)')",1186
1187,"('新安四路', '前进二路')",1187
1188,"('新安四路', '建安二路')",1188
1189,"('新安五路', '建安二路')",1189
1190,"('新安五路', '广深公路')",1190
1191,"('新安五路', '宝安大道')",1191
1192,"('西乡大道', '公园路(新安)')",1192
1193,"('西乡大道', '前进二路')",1193
1194,"('西乡大道', '广深公路')",1194
1195,"('西乡大道', '工业路')",1195
1196,"('西乡大道', '宝安大道')",1196
1197,"('西乡大道', '新湖路')",1197
1198,"('西乡大道', '宝源路')",1198
1199,"('西乡大道', '兴业路')",1199
1200,"('西乡大道', '海宾大道')",1200
1201,"('新安二路', '建安一路')",1201
1202,"('新安二路', '前进一路')",1202
1203,"('新安二路', '新圳路')",1203
1204,"('新安二路', '公园路(新安)')",1204
1205,"('新安二路', '洪浪北路')",1205
1206,"('新安一路', '建安一路')",1206
1207,"('新安一路', '广深公路')",1207
1208,"('新安一路', '翻身路')",1208
1209,"('新安一路', '宝安大道')",1209
1210,"('新安一路', '新湖路')",1210
1211,"('前进二路', '新安四路')",1211
1212,"('前进二路', '流塘路')",1212
1213,"('前进二路', '庄边路')",1213
1214,"('前进二路', '西乡大道')",1214
1215,"('前进二路', '宝田一路')",1215
1216,"('前进二路', '宝田二路')",1216
1217,"('前进二路', '航城大道')",1217
1218,"('前进二路', '洲石公路')",1218
1219,"('前进一路', '湖滨路')",1219
1220,"('前进一路', '新安二路')",1220
1221,"('前进一路', '创业二路')",1221
1222,"('前进一路', '新安四路')",1222
1223,"('广深公路', '湖滨中路')",1223
1224,"('广深公路', '新安一路')",1224
1225,"('广深公路', '创业一路')",1225
1226,"('广深公路', '新安五路')",1226
1227,"('广深公路', '西乡大道')",1227
1228,"('广深公路', '宝田二路')",1228
1229,"('广深公路', '航城大道')",1229
1230,"('广深公路', '洲石公路')",1230
1231,"('广深公路', '机场南路')",1231
1232,"('广深公路', '凯城二路')",1232
1233,"('广深公路', '凯城一路')",1233
1234,"('广深公路', '兴华路(福永)')",1234
1235,"('广深公路', '机场道')",1235
1236,"('广深公路', '怀德南路')",1236
1237,"('广深公路', '福中路(宝安)')",1237
1238,"('广深公路', '翠岗西路')",1238
1239,"('广深公路', '福永大道')",1239
1240,"('广深公路', '福海大道')",1240
1241,"('广深公路', '凤塘大道')",1241
1242,"('广深公路', '兴业一路')",1242
1243,"('广深公路', '南环路')",1243
1244,"('广深公路', '创新路')",1244
1245,"('广深公路', '新沙路(沙井)')",1245
1246,"('广深公路', '北环路')",1246
1247,"('广深公路', '芙蓉路')",1247
1248,"('广深公路', '松裕路')",1248
1249,"('广深公路', '东方大道')",1249
1250,"('广深公路', '松明大道')",1250
1251,"('广深公路', '沙江东路')",1251
1252,"('广深公路', '松福大道')",1252
1253,"('广深公路', '宝安大道')",1253
1254,"('固戍一路', '宝安大道')",1254
1255,"('固戍一路', '文昌路')",1255
1256,"('坣岗大道', '新沙路(沙井)')",1256
1257,"('坣岗大道', '岗头路')",1257
1258,"('站前路', '丹梓西路')",1258
1259,"('站前路', '深汕路')",1259
1260,"('宝华路', '海天路')",1260
1261,"('宝华路', '创业一路')",1261
1262,"('宝民二路', '新安五路')",1262
1263,"('宝民二路', '流塘路')",1263
1264,"('宝民二路', '西乡大道')",1264
1265,"('宝民二路', '宝田一路')",1265
1266,"('宝民二路', '宝田二路')",1266
1267,"('宝民一路', '新安一路')",1267
1268,"('宝民一路', '兴华二路')",1268
1269,"('宝民一路', '创业二路')",1269
1270,"('宝民一路', '裕安二路')",1270
1271,"('宝民一路', '上川路')",1271
1272,"('宝民一路', '新安五路')",1272
1273,"('宝田二路', '前进二路')",1273
1274,"('宝田二路', '广深公路')",1274
1275,"('宝田一路', '水库路')",1275
1276,"('宝田一路', '前进二路')",1276
1277,"('宝田一路', '广深公路')",1277
1278,"('宝兴路', '海天路')",1278
1279,"('宝兴路', '创业一路')",1279
1280,"('边检路', '深南大道')",1280
1281,"('边检路', '前进一路')",1281
1282,"('边检路', '广深高速公路')",1282
1283,"('边检路', '留仙二路')",1283
1284,"('边检路', '留仙三路')",1284
1285,"('朝阳路', '河堤路')",1285
1286,"('朝阳路', '广田路')",1286
1287,"('朝阳路', '红湖路')",1287
1288,"('翠岗西路', '广深公路')",1288
1289,"('翠岗西路', '怀德南路')",1289
1290,"('翠岗西路', '宝安大道')",1290
1291,"('大宝路', '洪浪南路')",1291
1292,"('大宝路', '洪浪北路')",1292
1293,"('大宝路', '创业二路')",1293
1294,"('大宝路', '上川路')",1294
1295,"('大埔路', '北环路')",1295
1296,"('大埔路', '新和大道')",1296
1297,"('大洋路', '凤塘大道')",1297
1298,"('大洋路', '立新路')",1298
1299,"('帝堂路', '西环路(沙井)')",1299
1300,"('帝堂路', '锦程路')",1300
1301,"('东方大道', '根玉路')",1301
1302,"('东方大道', '田园路')",1302
1303,"('东方大道', '松岗大道')",1303
1304,"('东方大道', '立业路')",1304
1305,"('东方大道', '广深公路')",1305
1306,"('东方大道', '松明大道')",1306
1307,"('东环路', '南浦路')",1307
1308,"('东环路', '黄埔路')",1308
1309,"('东环路', '新沙路(沙井)')",1309
1310,"('东环路', '北环路')",1310
1311,"('翻身路', '湖滨中路')",1311
1312,"('翻身路', '新安一路')",1312
1313,"('翻身路', '兴华一路')",1313
1314,"('翻身路', '创业一路')",1314
1315,"('翻身路', '裕安一路')",1315
1316,"('翻身路', '上川一路')",1316
1317,"('翻身路', '新安五路')",1317
1318,"('福凤路', '凤凰山大道')",1318
1319,"('福凤路', '福永大道')",1319
1320,"('福永大道', '福凤路')",1320
1321,"('福永大道', '广深公路')",1321
1322,"('福永大道', '政丰南路')",1322
1323,"('福永大道', '怀德南路')",1323
1324,"('福永大道', '宝安大道')",1324
1325,"('福园一路', '福洲大道（福永）')",1325
1326,"('福园一路', '重庆路')",1326
1327,"('福园一路', '桥和路')",1327
1328,"('福园一路', '荔园路(福永)')",1328
1329,"('福园一路', '凤塘大道')",1329
1330,"('福园一路', '兴业西路')",1330
1331,"('岗胜路', '岗头路')",1331
1332,"('岗胜路', '环镇路')",1332
1333,"('岗头路', '坣岗大道')",1333
1334,"('岗头路', '北环路')",1334
1335,"('共和工业路', '西乡大道')",1335
1336,"('共和工业路', '银田工业路')",1336
1337,"('共乐路', '新湖路')",1337
1338,"('共乐路', '宝源路')",1338
1339,"('共乐路', '兴业路')",1339
1340,"('固戍一路', '广深公路')",1340
1341,"('国泰路', '松白路')",1341
1342,"('国泰路', '塘头大道')",1342
1343,"('海城路', '宝安大道')",1343
1344,"('海城路', '新湖路')",1344
1345,"('海城路', '宝源路')",1345
1346,"('海城路', '兴业路')",1346
1347,"('海城路', '海宾大道')",1347
1348,"('海天路', '新安西路')",1348
1349,"('海天路', '兴华一路')",1349
1350,"('海天路', '宝兴路')",1350
1351,"('海秀路', '新安西路')",1351
1352,"('海秀路', '兴华一路')",1352
1353,"('海秀路', '兴业路')",1353
1354,"('海秀路', '沿江高速')",1354
1355,"('航城大道', '前进二路')",1355
1356,"('航城大道', '广深公路')",1356
1357,"('航城大道', '宝安大道')",1357
1358,"('航城大道', '宝源路')",1358
1359,"('豪业路', '宝安大道')",1359
1360,"('豪业路', '永福路')",1360
1361,"('豪业路', '永和路')",1361
1362,"('豪业路', '松福大道')",1362
1363,"('豪业路', '福园一路')",1363
1364,"('和秀西路', '永和路')",1364
1365,"('和秀西路', '松福大道')",1365
1366,"('和秀西路', '福园一路')",1366
1367,"('河滨南路', '吉祥路(石岩)')",1367
1368,"('河滨南路', '如意路(石岩)')",1368
1369,"('河滨南路', '宝石南路')",1369
1370,"('河堤路', '公常路')",1370
1371,"('河堤路', '西田路')",1371
1372,"('河堤路', '下村路')",1372
1373,"('河堤路', '象山大道')",1373
1374,"('河堤路', '朝阳路')",1374
1375,"('洪浪北二路', '留仙三路')",1375
1376,"('洪浪北二路', '留仙二路')",1376
1377,"('洪浪北二路', '留仙一路')",1377
1378,"('洪浪北路', '大宝路')",1378
1379,"('洪浪北路', '新安二路')",1379
1380,"('洪浪南路', '新安二路')",1380
1381,"('洪浪南路', '大宝路')",1381
1382,"('红湖路', '朝阳路')",1382
1383,"('红湖路', '广田路')",1383
1384,"('红巷工业路', '东环路')",1384
1385,"('红巷工业路', '广深公路')",1385
1386,"('湖滨路', '前进一路')",1386
1387,"('湖滨路', '广深公路')",1387
1388,"('湖滨中路', '广深公路')",1388
1389,"('湖滨中路', '宝安大道')",1389
1390,"('怀德南路', '广深公路')",1390
1391,"('怀德南路', '福中路(宝安)')",1391
1392,"('怀德南路', '翠岗西路')",1392
1393,"('怀德南路', '福永大道')",1393
1394,"('环镇路', '南环路')",1394
1395,"('环镇路', '沙中路')",1395
1396,"('环镇路', '新沙路(沙井)')",1396
1397,"('环镇路', '岗胜路')",1397
1398,"('环镇路', '北环路')",1398
1399,"('环镇路', '新和大道')",1399
1400,"('黄埔路', '东环路')",1400
1401,"('黄埔路', '广深公路')",1401
1402,"('甲岸路', '广深公路')",1402
1403,"('甲岸路', '宝安大道')",1403
1404,"('甲岸路', '新湖路')",1404
1405,"('甲岸路', '海天路')",1405
1406,"('甲岸南路', '宝兴路')",1406
1407,"('甲岸南路', '沿江高速')",1407
1408,"('建安二路', '新安五路')",1408
1409,"('建安二路', '流塘路')",1409
1410,"('建安二路', '庄边路')",1410
1411,"('建安一路', '新安二路')",1411
1412,"('建安一路', '兴华二路')",1412
1413,"('建安一路', '创业二路')",1413
1414,"('建安一路', '裕安二路')",1414
1415,"('建安一路', '上川路')",1415
1416,"('建安一路', '新安四路')",1416
1417,"('金海路', '宝安大道')",1417
1418,"('金海路', '新湖路')",1418
1419,"('金沙二路', '沙井路')",1419
1420,"('金沙二路', '万安路')",1420
1421,"('锦程路', '兴业西路')",1421
1422,"('锦程路', '南环路')",1422
1423,"('锦程路', '万安路')",1423
1424,"('锦程路', '新沙路(沙井)')",1424
1425,"('锦程路', '民主大道')",1425
1426,"('锦程路', '蚝乡路')",1426
1427,"('锦程路', '北环路')",1427
1428,"('立业路', '东方大道')",1428
1429,"('立业路', '楼岗大道')",1429
1430,"('立业路', '松白路')",1430
1431,"('留仙二路', '边检路')",1431
1432,"('留仙二路', '洪浪北二路')",1432
1433,"('留仙二路', '创业二路')",1433
1434,"('留仙二路', '上川路')",1434
1435,"('留仙一路', '边检路')",1435
1436,"('留仙一路', '洪浪北二路')",1436
1437,"('留仙一路', '创业二路')",1437
1438,"('留仙一路', '上川路')",1438
1439,"('流塘路', '公园路(新安)')",1439
1440,"('流塘路', '前进二路')",1440
1441,"('流塘路', '广深公路')",1441
1442,"('龙腾路', '机荷高速公路')",1442
1443,"('龙腾路', '育才路')",1443
1444,"('罗田路', '宝源南路')",1444
1445,"('罗田路', '沿江高速')",1445
1446,"('罗租路', '育才路')",1446
1447,"('罗租路', '宝石南路')",1447
1448,"('民主大道', '西环路(沙井)')",1448
1449,"('民主大道', '锦程路')",1449
1450,"('南浦路', '广深高速公路')",1450
1451,"('南浦路', '东环路')",1451
1452,"('南浦路', '广深公路')",1452
1453,"('桥和路', '宝安大道')",1453
1454,"('桥和路', '永福路')",1454
1455,"('桥和路', '永和路')",1455
1456,"('桥和路', '松福大道')",1456
1457,"('桥和路', '沿江高速')",1457
1458,"('桥塘路', '桥和路')",1458
1459,"('桥塘路', '荔园路(福永)')",1459
1460,"('桥塘路', '凤塘大道')",1460
1461,"('沙中路', '环镇路')",1461
1462,"('沙中路', '沙井路')",1462
1463,"('上川路', '宝石路')",1463
1464,"('上川路', '留仙二路')",1464
1465,"('上川路', '留仙一路')",1465
1466,"('上川路', '新安四路')",1466
1467,"('上川路', '前进一路')",1467
1468,"('上川路', '宝民一路')",1468
1469,"('上屋大道', '宝石东路')",1469
1470,"('上屋大道', '石岩北环路')",1470
1471,"('上星南路', '广深公路')",1471
1472,"('上星南路', '公园南路(宝安)')",1472
1473,"('石龙大道', '石观路')",1473
1474,"('石龙大道', '龙大高速公路')",1474
1475,"('水库路', '尖岗山大道')",1475
1476,"('水库路', '宝田路')",1476
1477,"('松岗大道', '芙蓉路')",1477
1478,"('松岗大道', '华美路')",1478
1479,"('松岗大道', '东方大道')",1479
1480,"('松岗大道', '楼岗大道')",1480
1481,"('松岗大道', '松白路')",1481
1482,"('松河北路', '松瑞路')",1482
1483,"('松河北路', '宝安大道')",1483
1484,"('松河北路', '广深高速公路')",1484
1485,"('松罗路', '松白路')",1485
1486,"('松罗路', '沙江东路')",1486
1487,"('松罗路', '燕罗公路')",1487
1488,"('松罗路', '广田路')",1488
1489,"('松瑞路', '广深高速公路')",1489
1490,"('松瑞路', '松明大道')",1490
1491,"('松瑞路', '沙江路')",1491
1492,"('松裕路', '广深公路')",1492
1493,"('松裕路', '广深高速公路')",1493
1494,"('塘头大道', '松白路')",1494
1495,"('塘头大道', '机荷高速公路')",1495
1496,"('塘头大道', '洲石公路')",1496
1497,"('塘下涌工业大道', '洋涌路')",1497
1498,"('塘下涌工业大道', '广田路')",1498
1499,"('塘下涌工业大道', '工业大道')",1499
1500,"('田心大道', '宝石东路')",1500
1501,"('田心大道', '石岩北环路')",1501
1502,"('通成路', '共和工业路')",1502
1503,"('通成路', '宝安大道')",1503
1504,"('万安路', '西环路(沙井)')",1504
1505,"('万安路', '松福大道')",1505
1506,"('万安路', '锦程路')",1506
1507,"('文昌路', '固戍一路')",1507
1508,"('文昌路', '宝源路')",1508
1509,"('象山大道', '河堤路')",1509
1510,"('象山大道', '龙大高速公路')",1510
1511,"('新二庄村路', '广深高速公路')",1511
1512,"('新二庄村路', '东环路')",1512
1513,"('兴华二路', '公园路(新安)')",1513
1514,"('兴华二路', '前进一路')",1514
1515,"('兴华二路', '宝民一路')",1515
1516,"('兴华一路', '广深公路')",1516
1517,"('兴华一路', '宝安大道')",1517
1518,"('兴华一路', '新湖路')",1518
1519,"('兴华一路', '海天路')",1519
1520,"('兴业西路', '宝安大道')",1520
1521,"('兴业西路', '沙井路')",1521
1522,"('兴业西路', '永福路')",1522
1523,"('兴业西路', '松福大道')",1523
1524,"('兴业西路', '沿江高速')",1524
1525,"('兴业一路', '广深高速公路')",1525
1526,"('兴业一路', '广深公路')",1526
1527,"('燕罗公路', '河堤路')",1527
1528,"('燕罗公路', '松罗路')",1528
1529,"('洋涌路', '松罗路')",1529
1530,"('洋涌路', '众福路')",1530
1531,"('洋涌路', '广深公路')",1531
1532,"('一号路', '新湖路')",1532
1533,"('一号路', '沿江高速')",1533
1534,"('银田路', '宝安大道')",1534
1535,"('银田路', '新湖路')",1535
1536,"('银田路', '宝源路')",1536
1537,"('银田路', '沿江高速')",1537
1538,"('裕安二路', '广深高速公路')",1538
1539,"('裕安二路', '新安三路')",1539
1540,"('裕安二路', '前进一路')",1540
1541,"('裕安二路', '宝民一路')",1541
1542,"('裕安路', '创业一路')",1542
1543,"('裕安路', '沿江高速')",1543
1544,"('裕安一路', '广深公路')",1544
1545,"('裕安一路', '翻身路')",1545
1546,"('裕安一路', '宝安大道')",1546
1547,"('裕安一路', '新湖路')",1547
1548,"('裕安一路', '宝源南路')",1548
1549,"('政丰南路', '福中路(宝安)')",1549
1550,"('政丰南路', '翠岗西路')",1550
1551,"('政丰南路', '福永大道')",1551
1552,"('中心路（宝安）', '凤塘大道')",1552
1553,"('中心路（宝安）', '南环路')",1553
1554,"('中心路（宝安）', '新沙路(沙井)')",1554
1555,"('中心路（宝安）', '北环路')",1555
1556,"('中心路（宝安）', '新和大道')",1556
1557,"('重庆路', '宝安大道')",1557
1558,"('重庆路', '永福路')",1558
1559,"('重庆路', '永和路')",1559
1560,"('重庆路', '松福大道')",1560
1561,"('重庆路', '沿江高速')",1561
1562,"('众福路', '洋涌路')",1562
1563,"('众福路', '广田路')",1563
1564,"('庄边路', '前进二路')",1564
1565,"('庄边路', '广深公路')",1565
1566,"('芙蓉大道', '广深高速公路')",1566
1567,"('芙蓉大道', '芙蓉路')",1567
1568,"('芙蓉路', '田园路')",1568
1569,"('芙蓉路', '松岗大道')",1569
1570,"('芙蓉路', '芙蓉西路')",1570
1571,"('曦城大道', '广盛路')",1571
1572,"('曦城大道', '尖岗山大道')",1572
1573,"('蚝乡路', '西环路(沙井)')",1573
1574,"('蚝乡路', '锦程路')",1574
1575,"('爱南路', '东升新路')",1575
1576,"('爱南路', '同富路')",1576
1577,"('爱南路', '深汕路')",1577
1578,"('爱南路', '龙湖路')",1578
1579,"('爱南路', '龙南路')",1579
1580,"('爱南路', '碧新路')",1580
1581,"('爱南路', '龙城大道')",1581
1582,"('爱南路', '宝荷路')",1582
1583,"('爱南路', '如意路')",1583
1584,"('爱南路', '龙岗大道')",1584
1585,"('爱南路', '龙翔大道')",1585
1586,"('坳背路', '龙岗大道')",1586
1587,"('坳背路', '红棉四路')",1587
1588,"('丹梓西路', '丹梓大道')",1588
1589,"('丹梓西路', '坪山大道')",1589
1590,"('东深路', '横东岭路')",1590
1591,"('东深路', '丹平公路')",1591
1592,"('富坪北路', '龙岗大道')",1592
1593,"('富坪北路', '横坪公路(坪地)')",1593
1594,"('国际大道', '富安大道')",1594
1595,"('国际大道', '华南大道')",1595
1596,"('国际大道', '平新北路')",1596
1597,"('红棉三路', '横坪公路')",1597
1598,"('红棉三路', '广达路')",1598
1599,"('红棉三路', '茂盛路')",1599
1600,"('红棉三路', '莲心路')",1600
1601,"('红棉四路', '坳背路')",1601
1602,"('红棉四路', '横坪公路')",1602
1603,"('红棉一路', '莲心路')",1603
1604,"('红棉一路', '康乐路')",1604
1605,"('嘉湖路', '富安大道')",1605
1606,"('嘉湖路', '平龙路')",1606
1607,"('教育南路', '环城南路')",1607
1608,"('教育南路', '龙岗大道')",1608
1609,"('教育中路', '龙岗大道')",1609
1610,"('教育中路', '吉祥路')",1610
1611,"('科技园路', '布澜路')",1611
1612,"('科技园路', '景芬路')",1612
1613,"('科技园路', '布龙路')",1613
1614,"('龙平西路', '龙城大道')",1614
1615,"('龙平西路', '长兴北路')",1615
1616,"('龙平西路', '吉祥路')",1616
1617,"('龙平西路', '爱心路')",1617
1618,"('龙平西路', '黄阁路')",1618
1619,"('龙平西路', '盐龙大道')",1619
1620,"('平安大道', '良白路')",1620
1621,"('平安大道', '湖田路')",1621
1622,"('平安大道', '富安大道')",1622
1623,"('平吉大道', '布澜路')",1623
1624,"('平吉大道', '平新南路')",1624
1625,"('平新路', '平新北路')",1625
1626,"('平新路', '平龙路')",1626
1627,"('平新南路', '平吉大道')",1627
1628,"('平新南路', '平新北路')",1628
1629,"('坪梓路', '龙兴北路')",1629
1630,"('坪梓路', '富坪中路')",1630
1631,"('盛宝路', '丹平快速路')",1631
1632,"('盛宝路', '宝冠路')",1632
1633,"('盛宝路', '布澜路')",1633
1634,"('雪岗北路', '坂雪岗大道')",1634
1635,"('雪岗北路', '冲之大道')",1635
1636,"('雪岗北路', '五和大道')",1636
1637,"('雪岗北路', '清祥路')",1637
1638,"('雪岗北路', '清宁路')",1638
1639,"('富坪中路', '坪梓路')",1639
1640,"('富坪中路', '龙岗大道')",1640
1641,"('环城南路', '同心中路')",1641
1642,"('环城南路', '教育南路')",1642
1643,"('环城南路', '龙岗大道')",1643
1644,"('丰田路', '龙岗大道')",1644
1645,"('丰田路', '仙田路')",1645
1646,"('丰田路', '碧新路')",1646
1647,"('碧新路', '宝荷路')",1647
1648,"('碧新路', '植物园路')",1648
1649,"('碧新路', '爱南路')",1649
1650,"('碧新路', '鹏达路')",1650
1651,"('碧新路', '龙岗大道')",1651
1652,"('碧新路', '龙园路')",1652
1653,"('碧新路', '龙平东路')",1653
1654,"('碧新路', '新生路')",1654
1655,"('碧新路', '丰田路')",1655
1656,"('宝坪路', '翠宝路')",1656
1657,"('宝坪路', '宝荷路')",1657
1658,"('宝龙大道', '深汕路')",1658
1659,"('宝龙大道', '锦龙四路')",1659
1660,"('宝龙大道', '锦龙二路')",1660
1661,"('宝龙大道', '锦龙大道')",1661
1662,"('宝龙大道', '宝龙七路')",1662
1663,"('宝龙大道', '宝龙五路')",1663
1664,"('宝龙大道', '宝龙三路')",1664
1665,"('宝龙大道', '宝荷路')",1665
1666,"('龙城大道', '爱南路')",1666
1667,"('龙城大道', '龙岗大道')",1667
1668,"('龙城大道', '龙翔大道')",1668
1669,"('龙城大道', '龙平西路')",1669
1670,"('龙城大道', '盐龙大道')",1670
1671,"('宝荷路', '宝龙一路')",1671
1672,"('宝荷路', '碧新路')",1672
1673,"('宝荷路', '沙荷路')",1673
1674,"('宝荷路', '嶂背路')",1674
1675,"('宝荷路', '爱南路')",1675
1676,"('黄阁路', '龙翔大道')",1676
1677,"('黄阁路', '如意路')",1677
1678,"('黄阁路', '清辉路')",1678
1679,"('黄阁路', '清林路')",1679
1680,"('黄阁路', '龙平西路')",1680
1681,"('黄阁路', '盐龙大道')",1681
1682,"('惠盐北路', '沙荷路')",1682
1683,"('惠盐北路', '大康路')",1683
1684,"('惠盐北路', '龙岗大道')",1684
1685,"('惠盐中路', '惠盐南路')",1685
1686,"('惠盐中路', '惠盐北路')",1686
1687,"('布沙路', '丹平快速路')",1687
1688,"('布沙路', '樟富北路')",1688
1689,"('布沙路', '中翠路')",1689
1690,"('布沙路', '布龙路')",1690
1691,"('布澜路', '龙岗大道')",1691
1692,"('布澜路', '东西干道')",1692
1693,"('布澜路', '盛宝路')",1693
1694,"('布澜路', '水官高速')",1694
1695,"('布澜路', '平吉大道')",1695
1696,"('布澜路', '甘李路')",1696
1697,"('东西干道', '布澜路')",1697
1698,"('东西干道', '布龙路')",1698
1699,"('凤凰大道', '东门路')",1699
1700,"('凤凰大道', '守珍街')",1700
1701,"('凤凰大道', '平龙路')",1701
1702,"('平湖大街', '丹平公路')",1702
1703,"('平湖大街', '湖田路')",1703
1704,"('平湖大街', '东门路')",1704
1705,"('平湖大街', '富安大道')",1705
1706,"('平湖大街', '益民路')",1706
1707,"('富安大道', '平湖大街')",1707
1708,"('富安大道', '平安大道')",1708
1709,"('富安大道', '国际大道')",1709
1710,"('富安大道', '平新北路')",1710
1711,"('富安大道', '工业大道')",1711
1712,"('富安大道', '嘉湖路')",1712
1713,"('平新北路', '平新南路')",1713
1714,"('平新北路', '国际大道')",1714
1715,"('平新北路', '富安大道')",1715
1716,"('平新北路', '平新路')",1716
1717,"('贝尔路', '吉华路')",1717
1718,"('贝尔路', '坂雪岗大道')",1718
1719,"('贝尔路', '冲之大道')",1719
1720,"('贝尔路', '五和大道')",1720
1721,"('坂雪岗大道', '南坪快速路')",1721
1722,"('坂雪岗大道', '雅园路')",1722
1723,"('坂雪岗大道', '布龙路')",1723
1724,"('坂雪岗大道', '吉华路')",1724
1725,"('坂雪岗大道', '贝尔路')",1725
1726,"('坂雪岗大道', '隆平路')",1726
1727,"('坂雪岗大道', '稼先路')",1727
1728,"('坂雪岗大道', '雪岗北路')",1728
1729,"('吉华路', '布吉路')",1729
1730,"('吉华路', '金鹏路')",1730
1731,"('吉华路', '中兴路')",1731
1732,"('吉华路', '西环路')",1732
1733,"('吉华路', '下水径一街')",1733
1734,"('吉华路', '布龙路')",1734
1735,"('吉华路', '秀峰路')",1735
1736,"('吉华路', '雪岗南路')",1736
1737,"('吉华路', '贝尔路')",1737
1738,"('吉华路', '坂雪岗大道')",1738
1739,"('吉华路', '五和大道')",1739
1740,"('吉华路', '东环二路')",1740
1741,"('丹平公路', '丹平快速路')",1741
1742,"('丹平公路', '机荷高速公路')",1742
1743,"('丹平公路', '平湖大街')",1743
1744,"('布龙路', '龙岗大道')",1744
1745,"('布龙路', '东西干道')",1745
1746,"('布龙路', '景芬路')",1746
1747,"('布龙路', '科技园路')",1747
1748,"('布龙路', '吉华路')",1748
1749,"('布龙路', '清平高速公路')",1749
1750,"('布龙路', '坂雪岗大道')",1750
1751,"('布龙路', '五和大道')",1751
1752,"('布龙路', '梅观高速公路')",1752
1753,"('布龙路', '油松路')",1753
1754,"('布龙路', '民治大道')",1754
1755,"('布龙路', '梅龙路')",1755
1756,"('布龙路', '人民路(龙华)')",1756
1757,"('布龙路', '简上路')",1757
1758,"('布龙路', '和平路(龙华)')",1758
1759,"('布龙路', '龙华路')",1759
1760,"('布龙路', '布龙公路')",1760
1761,"('龙翔大道', '龙城大道')",1761
1762,"('龙翔大道', '德政路')",1762
1763,"('龙翔大道', '吉祥路')",1763
1764,"('龙翔大道', '怡翠路')",1764
1765,"('龙翔大道', '如意路')",1765
1766,"('龙翔大道', '黄阁路')",1766
1767,"('龙翔大道', '龙飞大道')",1767
1768,"('龙翔大道', '盐龙大道')",1768
1769,"('爱新路', '宝荷路')",1769
1770,"('爱新路', '龙岗大道')",1770
1771,"('爱心路', '清林路')",1771
1772,"('爱心路', '白灰围一路')",1772
1773,"('爱心路', '龙平西路')",1773
1774,"('爱心路', '回龙路')",1774
1775,"('白灰围一路', '龙福路')",1775
1776,"('白灰围一路', '愉龙路')",1776
1777,"('白灰围一路', '黄阁路')",1777
1778,"('百鸽路', '禾坑路')",1778
1779,"('百鸽路', '龙岗大道')",1779
1780,"('保康路', '惠盐北路')",1780
1781,"('保康路', '龙岗大道')",1781
1782,"('宝龙七路', '清风大道')",1782
1783,"('宝龙七路', '南同大道')",1783
1784,"('宝龙三路', '清风大道')",1784
1785,"('宝龙三路', '高科大道')",1785
1786,"('宝龙五路', '清风大道')",1786
1787,"('宝龙五路', '宝龙大道')",1787
1788,"('宝龙一路', '诚信路')",1788
1789,"('宝龙一路', '高科大道')",1789
1790,"('布李路', '长盛路')",1790
1791,"('布李路', '布龙路')",1791
1792,"('布李路', '布澜路')",1792
1793,"('长盛路', '中兴路(布吉)')",1793
1794,"('长盛路', '布李路')",1794
1795,"('长兴北路', '龙平西路')",1795
1796,"('长兴北路', '回龙路')",1796
1797,"('长兴北路', '盐龙大道')",1797
1798,"('长兴南路', '龙福路')",1798
1799,"('长兴南路', '龙平西路')",1799
1800,"('诚信路', '宝坪路')",1800
1801,"('诚信路', '翠宝路')",1801
1802,"('冲之大道', '贝尔路')",1802
1803,"('冲之大道', '隆平路')",1803
1804,"('冲之大道', '稼先路')",1804
1805,"('冲之大道', '张衡路')",1805
1806,"('冲之大道', '雪岗北路')",1806
1807,"('大康路', '小康路')",1807
1808,"('大康路', '惠盐北路')",1808
1809,"('大运路', '黄阁路')",1809
1810,"('大运路', '青春路')",1810
1811,"('德政路', '龙翔大道')",1811
1812,"('德政路', '清林路')",1812
1813,"('德政路', '建设路(龙岗)')",1813
1814,"('发展路', '龙岗大道')",1814
1815,"('发展路', '兴华路(坪地)')",1815
1816,"('富康路', '沙荷路')",1816
1817,"('富康路', '松柏路')",1817
1818,"('富民路', '富坪中路')",1818
1819,"('富民路', '同心中路')",1819
1820,"('富民路', '教育南路')",1820
1821,"('甘李路', '秀峰路')",1821
1822,"('甘李路', '布澜路')",1822
1823,"('高科大道', '宝龙七路')",1823
1824,"('高科大道', '宝龙五路')",1824
1825,"('高科大道', '宝龙三路')",1825
1826,"('高科大道', '宝龙一路')",1826
1827,"('工业大道', '富安大道')",1827
1828,"('工业大道', '平龙路')",1828
1829,"('禾坑路', '金稻田路')",1829
1830,"('禾坑路', '百鸽路')",1830
1831,"('鸿基路', '深汕路')",1831
1832,"('鸿基路', '同富路(龙岗)')",1832
1833,"('红花街', '惠盐北路')",1833
1834,"('红花街', '富康路')",1834
1835,"('湖田路', '平湖大街')",1835
1836,"('湖田路', '平安大道')",1836
1837,"('回龙路', '龙城大道')",1837
1838,"('回龙路', '长兴北路')",1838
1839,"('回龙路', '吉祥路(龙岗)')",1839
1840,"('回龙路', '盐龙大道')",1840
1841,"('惠华路', '新厦大道')",1841
1842,"('惠华路', '杉坑内环路')",1842
1843,"('惠华路', '中环大道')",1843
1844,"('惠华路', '清平高速公路')",1844
1845,"('惠民路', '同力路')",1845
1846,"('惠民路', '乐园路')",1846
1847,"('吉祥一路', '龙岗大道')",1847
1848,"('吉祥一路', '花园路')",1848
1849,"('吉政路', '龙岗大道')",1849
1850,"('吉政路', '中兴路(布吉)')",1850
1851,"('稼先路', '坂雪岗大道')",1851
1852,"('稼先路', '五和大道')",1852
1853,"('建议路', '龙福路')",1853
1854,"('建议路', '龙平西路')",1854
1855,"('教育北路', '吉祥路')",1855
1856,"('教育北路', '盐龙大道')",1856
1857,"('教育北路', '龙腾路')",1857
1858,"('金鹏路', '吉华路')",1858
1859,"('金鹏路', '中兴路(布吉)')",1859
1860,"('锦龙二路', '宝龙大道')",1860
1861,"('锦龙二路', '南同大道')",1861
1862,"('景芬路', '布龙路')",1862
1863,"('景芬路', '科技园路')",1863
1864,"('居里夫人大道', '隆平路')",1864
1865,"('居里夫人大道', '稼先路')",1865
1866,"('康乐路', '龙岗大道')",1866
1867,"('康乐路', '红棉一路')",1867
1868,"('康乐路', '水官高速')",1868
1869,"('乐园路', '惠民路')",1869
1870,"('乐园路', '深汕路')",1870
1871,"('礼耕路', '六和路')",1871
1872,"('礼耕路', '万利路')",1872
1873,"('莲心路', '龙岗大道')",1873
1874,"('莲心路', '红棉一路')",1874
1875,"('良白路', '丹平快速路')",1875
1876,"('良白路', '机荷高速公路')",1876
1877,"('良白路', '平安大道')",1877
1878,"('良白路', '东深路')",1878
1879,"('六和路', '沙荷路')",1879
1880,"('六和路', '龙岗大道')",1880
1881,"('六约路', '宸和路')",1881
1882,"('六约路', '龙岗大道')",1882
1883,"('龙福路', '龙城大道')",1883
1884,"('龙福路', '长兴南路')",1884
1885,"('龙福路', '爱心路')",1885
1886,"('龙岗路', '鹏达路')",1886
1887,"('龙岗路', '龙岗大道')",1887
1888,"('龙河路', '南联路')",1888
1889,"('龙河路', '太兴路')",1889
1890,"('龙河路', '龙岗大道')",1890
1891,"('龙湖路', '爱南路')",1891
1892,"('龙湖路', '龙南路')",1892
1893,"('龙湖南路', '龙南路')",1893
1894,"('龙湖南路', '龙湖路')",1894
1895,"('龙南路', '惠盐高速公路')",1895
1896,"('龙南路', '龙湖南路')",1896
1897,"('龙南路', '龙湖路')",1897
1898,"('龙南路', '深汕路')",1898
1899,"('龙平东路', '龙兴街')",1899
1900,"('龙平东路', '龙园路')",1900
1901,"('龙平东路', '碧新路')",1901
1902,"('龙平东路', '龙城大道')",1902
1903,"('龙西中路', '盐龙大道辅道')",1903
1904,"('龙西中路', '富民路')",1904
1905,"('龙兴街', '龙岗大道')",1905
1906,"('龙兴街', '龙平东路')",1906
1907,"('龙园路', '龙岗大道')",1907
1908,"('龙园路', '龙平东路')",1908
1909,"('龙园路', '南联路')",1909
1910,"('隆平路', '坂雪岗大道')",1910
1911,"('隆平路', '五和大道')",1911
1912,"('茂盛路', '龙岗大道')",1912
1913,"('茂盛路', '红棉三路')",1913
1914,"('南联路', '龙岗大道')",1914
1915,"('南联路', '龙河路')",1915
1916,"('南同大道', '锦龙四路')",1916
1917,"('南同大道', '锦龙二路')",1917
1918,"('南同大道', '锦龙大道')",1918
1919,"('南同大道', '宝龙六路')",1919
1920,"('牛始埔路', '勤富路')",1920
1921,"('牛始埔路', '龙岗大道')",1921
1922,"('鹏达路', '龙岗路')",1922
1923,"('鹏达路', '植物园路')",1923
1924,"('鹏达路', '上龙塘路')",1924
1925,"('鹏达路', '龙城大道')",1925
1926,"('埔厦路', '龙岗大道')",1926
1927,"('埔厦路', '水官高速')",1927
1928,"('勤富路', '沙荷路')",1928
1929,"('勤富路', '牛始埔路')",1929
1930,"('青春路', '大运路')",1930
1931,"('青春路', '盐龙大道')",1931
1932,"('清辉路', '黄阁路')",1932
1933,"('清辉路', '盐龙大道')",1933
1934,"('清松路', '黄阁路')",1934
1935,"('清松路', '盐龙大道')",1935
1936,"('荣华路', '百鸽路')",1936
1937,"('荣华路', '龙岗大道')",1937
1938,"('沙园路', '如意路(龙岗)')",1938
1939,"('沙园路', '黄阁路')",1939
1940,"('杉坑内环路', '平龙路')",1940
1941,"('杉坑内环路', '惠华路')",1941
1942,"('山子下路', '沙荷路')",1942
1943,"('山子下路', '小康路')",1943
1944,"('上龙塘路', '鹏达路')",1944
1945,"('上龙塘路', '龙岗大道')",1945
1946,"('深龙路', '梧桐路(横岗)')",1946
1947,"('深龙路', '深峰路')",1947
1948,"('盛龙路', '龙城大道')",1948
1949,"('盛龙路', '碧新路')",1949
1950,"('守珍街', '凤凰大道')",1950
1951,"('守珍街', '平湖大街')",1951
1952,"('四方埔街', '坪梓路')",1952
1953,"('四方埔街', '同心中路')",1953
1954,"('四联路', '茂盛路')",1954
1955,"('四联路', '红棉三路')",1955
1956,"('四联路', '机荷高速公路')",1956
1957,"('四联路', '龙岗大道')",1957
1958,"('松柏路', '龙岗大道')",1958
1959,"('松柏路', '松茂路')",1959
1960,"('太兴路', '龙岗大道')",1960
1961,"('太兴路', '龙河路')",1961
1962,"('同德路', '深汕路')",1962
1963,"('同德路', '阳新路')",1963
1964,"('同德路', '同心路')",1964
1965,"('同力路', '惠民路')",1965
1966,"('同力路', '阳新路')",1966
1967,"('同力路', '同心路')",1967
1968,"('同心路', '同德路')",1968
1969,"('同心路', '深汕路')",1969
1970,"('同心中路', '四方埔街')",1970
1971,"('同心中路', '环城南路')",1971
1972,"('同心中路', '龙岗大道')",1972
1973,"('万利路', '勤富路')",1973
1974,"('万利路', '礼耕路')",1974
1975,"('五联一路', '碧新路')",1975
1976,"('五联一路', '盐龙大道')",1976
1977,"('香元排路', '龙岗大道')",1977
1978,"('香元排路', '兴华路(坪地)')",1978
1979,"('向银路', '爱南路')",1979
1980,"('向银路', '鹏达路')",1980
1981,"('向银路', '龙岗大道')",1981
1982,"('小康路', '山子下路')",1982
1983,"('小康路', '大康路')",1983
1984,"('协力路', '回龙路')",1984
1985,"('协力路', '连心路')",1985
1986,"('欣景路', '龙福路')",1986
1987,"('欣景路', '龙平西路')",1987
1988,"('新生路', '龙岗大道')",1988
1989,"('新生路', '仙田路')",1989
1990,"('新生路', '碧新路')",1990
1991,"('新生路', '盐龙大道')",1991
1992,"('新厦大道', '平龙路')",1992
1993,"('新厦大道', '平大路')",1993
1994,"('信义路', '红棉三路')",1994
1995,"('信义路', '水官高速')",1995
1996,"('兴旺路', '红棉三路')",1996
1997,"('兴旺路', '水官高速')",1997
1998,"('秀峰路', '吉华路')",1998
1999,"('秀峰路', '甘李路')",1999
2000,"('雅园路', '坂雪岗大道')",2000
2001,"('雅园路', '五和大道')",2001
2002,"('雅园路', '华南路')",2002
2003,"('银威路', '翠竹路(龙岗)')",2003
2004,"('银威路', '碧新路')",2004
2005,"('银威路', '上龙塘路')",2005
2006,"('银威路', '向银路')",2006
2007,"('愉龙路', '清林路')",2007
2008,"('愉龙路', '龙平西路')",2008
2009,"('愉龙路', '盐龙大道')",2009
2010,"('粤宝路', '红岗路')",2010
2011,"('粤宝路', '吉华路')",2011
2012,"('湛宝路', '龙岗大道')",2012
2013,"('湛宝路', '红棉一路')",2013
2014,"('樟富北路', '布沙路')",2014
2015,"('樟富北路', '翠山路')",2015
2016,"('张衡路', '冲之大道')",2016
2017,"('张衡路', '梅观高速公路')",2017
2018,"('植物园路', '碧新路')",2018
2019,"('植物园路', '爱南路')",2019
2020,"('植物园路', '鹏达路')",2020
2021,"('植物园路', '龙岗大道')",2021
2022,"('中翠路', '布沙路')",2022
2023,"('中翠路', '龙岗大道')",2023
2024,"('中环大道', '平龙路')",2024
2025,"('中环大道', '惠华路')",2025
2026,"('嶂背路', '宝荷路')",2026
2027,"('嶂背路', '爱新路')",2027
2028,"('怡翠路', '龙岗大道')",2028
2029,"('怡翠路', '龙翔大道')",2029
2030,"('宸和路', '永和路')",2030
2031,"('宸和路', '六约路')",2031
2032,"('东门路', '平湖大街')",2032
2033,"('东门路', '凤凰大道')",2033
2034,"('凤新路', '光明大街')",2034
2035,"('凤新路', '光翠路')",2035
2036,"('凤新路', '果园中心路')",2036
2037,"('凤新路', '圳美大道')",2037
2038,"('凤新路', '公常路')",2038
2039,"('公光路', '楼民路')",2039
2040,"('公光路', '南环大道')",2040
2041,"('光明大街', '凤新路')",2041
2042,"('光明大街', '光明大道')",2042
2043,"('光明大街', '楼民路')",2043
2044,"('光侨大道', '华夏路')",2044
2045,"('光侨大道', '观光路')",2045
2046,"('光侨大道', '龙大高速公路')",2046
2047,"('光侨大道', '甲子塘大道')",2047
2048,"('光侨大道', '松白路')",2048
2049,"('光侨大道', '根玉路')",2049
2050,"('红花北路', '别墅路')",2050
2051,"('红花北路', '民生大道')",2051
2052,"('红花中路', '松白路')",2052
2053,"('红花中路', '振明路')",2053
2054,"('红花中路', '别墅路')",2054
2055,"('楼民路', '公光路')",2055
2056,"('楼民路', '光明大街')",2056
2057,"('民生大道', '公明北环大道')",2057
2058,"('民生大道', '兴发路')",2058
2059,"('民生大道', '红花北路')",2059
2060,"('民生大道', '长春北路')",2060
2061,"('民生大道', '新华街')",2061
2062,"('南环大道', '民生大道')",2062
2063,"('南环大道', '别墅路')",2063
2064,"('南环大道', '振名路')",2064
2065,"('南环大道', '松白路')",2065
2066,"('南环大道', '富利南路')",2066
2067,"('南环大道', '根玉路')",2067
2068,"('西环大道', '松白路')",2068
2069,"('西环大道', '公明北环大道')",2069
2070,"('西田路', '公明北环大道')",2070
2071,"('西田路', '河堤路')",2071
2072,"('西田路', '屋园路')",2072
2073,"('长春北路', '民生大道')",2073
2074,"('长春北路', '下南二路')",2074
2075,"('长春北路', '公明北环大道')",2075
2076,"('长春南路', '创业路(公明)')",2076
2077,"('长春南路', '松白路')",2077
2078,"('长春中路', '松白路')",2078
2079,"('长春中路', '振明路')",2079
2080,"('长春中路', '民生大道')",2080
2081,"('公常路', '羌下一路')",2081
2082,"('公常路', '东新路')",2082
2083,"('公常路', '凤新路')",2083
2084,"('公常路', '振兴路')",2084
2085,"('公常路', '龙大高速公路')",2085
2086,"('公常路', '公明北环大道')",2086
2087,"('光明大道', '光明大街')",2087
2088,"('光明大道', '华夏二路')",2088
2089,"('光明大道', '观光路')",2089
2090,"('光明大道', '塘家大道')",2090
2091,"('光明大道', '松白路')",2091
2092,"('光明大道', '根玉路')",2092
2093,"('根玉路', '玉昌西路')",2093
2094,"('根玉路', '光侨大道')",2094
2095,"('根玉路', '光明大道')",2095
2096,"('根玉路', '将石路')",2096
2097,"('根玉路', '东方大道')",2097
2098,"('根玉路', '南环大道')",2098
2099,"('根玉路', '松白路')",2099
2100,"('安发路', '兴发路')",2100
2101,"('安发路', '振明路')",2101
2102,"('安发路', '松白路')",2102
2103,"('邦凯路', '观光路')",2103
2104,"('邦凯路', '龙大高速公路')",2104
2105,"('碧眼路', '牛山路')",2105
2106,"('碧眼路', '光明大道')",2106
2107,"('长凤路', '龙大高速公路')",2107
2108,"('长凤路', '松白路')",2108
2109,"('长圳路', '松白路')",2109
2110,"('长圳路', '东长路')",2110
2111,"('创维路', '创业路(公明)')",2111
2112,"('创维路', '松白路')",2112
2113,"('东明大道', '华夏二路')",2113
2114,"('东明大道', '高新西路')",2114
2115,"('二五二县道', '观光路')",2115
2116,"('二五二县道', '光侨大道')",2116
2117,"('高新路', '东明大道')",2117
2118,"('高新路', '兴通路')",2118
2119,"('高新路', '华夏二路')",2119
2120,"('高新西路', '光明大道')",2120
2121,"('高新西路', '东明大道')",2121
2122,"('光侨路', '华夏路')",2122
2123,"('光侨路', '凤新路')",2123
2124,"('华夏二路', '光明大道')",2124
2125,"('华夏二路', '东明大道')",2125
2126,"('华夏二路', '兴通路')",2126
2127,"('华夏二路', '华夏一路')",2127
2128,"('华夏二路', '高新路')",2128
2129,"('华夏路', '光侨大道')",2129
2130,"('华夏路', '光明大道')",2130
2131,"('华夏一路', '东明大道')",2131
2132,"('华夏一路', '兴通路')",2132
2133,"('华夏一路', '华夏二路')",2133
2134,"('甲子塘大道', '光侨大道')",2134
2135,"('甲子塘大道', '光明大道')",2135
2136,"('将石路', '周家路')",2136
2137,"('将石路', '根玉路')",2137
2138,"('金安路', '松白路')",2138
2139,"('金安路', '振明路')",2139
2140,"('马田路', '松白路')",2140
2141,"('马田路', '永康路')",2141
2142,"('塘福街', '光侨大道')",2142
2143,"('塘福街', '塘家大道')",2143
2144,"('兴发路', '安发路')",2144
2145,"('兴发路', '民生大道')",2145
2146,"('永康路', '下村路')",2146
2147,"('永康路', '马田路')",2147
2148,"('玉昌东路', '松白路')",2148
2149,"('玉昌东路', '玉昌西路')",2149
2150,"('玉昌西路', '玉昌东路')",2150
2151,"('玉昌西路', '根玉路')",2151
2152,"('振明路', '安发路')",2152
2153,"('振明路', '红花中路')",2153
2154,"('振明路', '长春中路')",2154
2155,"('振明路', '金安路')",2155
2156,"('振明路', '松白路')",2156
2157,"('新区大道', '皇岗路')",2157
2158,"('新区大道', '金龙路')",2158
2159,"('新区大道', '白龙路')",2159
2160,"('新区大道', '玉龙路')",2160
2161,"('新区大道', '留仙大道')",2161
2162,"('新区大道', '民宝路')",2162
2163,"('新区大道', '人民路(龙华)')",2163
2164,"('新区大道', '简上路')",2164
2165,"('新区大道', '和平路(龙华)')",2165
2166,"('梅龙路', '金龙路')",2166
2167,"('梅龙路', '民乐路')",2167
2168,"('梅龙路', '白龙路')",2168
2169,"('梅龙路', '玉龙路')",2169
2170,"('梅龙路', '留仙大道')",2170
2171,"('梅龙路', '民宝路')",2171
2172,"('梅龙路', '布龙路')",2172
2173,"('梅龙路', '龙胜路')",2173
2174,"('梅龙路', '工业路')",2174
2175,"('梅龙路', '民清路')",2175
2176,"('白龙路', '梅龙路')",2176
2177,"('白龙路', '新区大道')",2177
2178,"('白龙路', '玉龙路')",2178
2179,"('大浪南路', '龙观路')",2179
2180,"('大浪南路', '华发路')",2180
2181,"('大浪南路', '机荷高速公路')",2181
2182,"('桂花路', '观光路')",2182
2183,"('桂花路', '桂月路')",2183
2184,"('桂月路', '桂花路')",2184
2185,"('桂月路', '泗黎路')",2185
2186,"('桂月路', '福前路')",2186
2187,"('华昌路', '华达路')",2187
2188,"('华昌路', '华旺路')",2188
2189,"('华昌路', '华丰路')",2189
2190,"('华达路', '华荣路')",2190
2191,"('华达路', '华昌路')",2191
2192,"('华发路', '大浪南路')",2192
2193,"('华发路', '华昌路')",2193
2194,"('华发路', '华繁路')",2194
2195,"('华荣路', '龙观路')",2195
2196,"('华荣路', '华达路')",2196
2197,"('华荣路', '华发路')",2197
2198,"('华荣路', '华兴路')",2198
2199,"('华荣路', '机荷高速公路')",2199
2200,"('华盛路', '英泰路')",2200
2201,"('华盛路', '华丰路')",2201
2202,"('华旺路', '大浪南路')",2202
2203,"('华旺路', '华昌路')",2203
2204,"('华旺路', '华繁路')",2204
2205,"('华旺路', '布龙公路')",2205
2206,"('华兴路', '华盛路')",2206
2207,"('华兴路', '华荣路')",2207
2208,"('华兴路', '布龙公路')",2208
2209,"('简上路', '布龙路')",2209
2210,"('简上路', '新区大道')",2210
2211,"('简上路', '福龙路')",2211
2212,"('建设东路', '清泉路')",2212
2213,"('建设东路', '建设路(龙华)')",2213
2214,"('金龙路', '梅龙路')",2214
2215,"('金龙路', '新区大道')",2215
2216,"('金龙路', '白龙路')",2216
2217,"('龙胜路', '梅龙路')",2217
2218,"('龙胜路', '人民路(龙华)')",2218
2219,"('龙胜路', '中环路')",2219
2220,"('龙胜路', '建设路(龙华)')",2220
2221,"('龙胜路', '和平路(龙华)')",2221
2222,"('龙胜路', '龙华路')",2222
2223,"('民宝路', '梅龙路')",2223
2224,"('民宝路', '新区大道')",2224
2225,"('民丰路', '民康路')",2225
2226,"('民丰路', '民治大道')",2226
2227,"('民丰路', '梅龙路')",2227
2228,"('民康路', '民丰路')",2228
2229,"('民康路', '华南路')",2229
2230,"('民清路', '工业路')",2230
2231,"('民清路', '东环一路')",2231
2232,"('民旺路', '民治大道')",2232
2233,"('民旺路', '梅龙路')",2233
2234,"('清湖路', '梅龙大道')",2234
2235,"('清湖路', '和平路(龙华)')",2235
2236,"('清湖路', '龙观东路')",2236
2237,"('清丽路', '五和大道')",2237
2238,"('清丽路', '清宁路')",2238
2239,"('清宁路', '雪岗北路')",2239
2240,"('清宁路', '清新路')",2240
2241,"('清泉路', '梅龙大道')",2241
2242,"('清泉路', '和平路(龙华)')",2242
2243,"('清泉路', '龙观东路')",2243
2244,"('清祥路', '雪岗北路')",2244
2245,"('清祥路', '清新路')",2245
2246,"('三联路', '清龙路')",2246
2247,"('三联路', '东环二路')",2247
2248,"('三联路', '东环一路')",2248
2249,"('三联路', '人民路(龙华)')",2249
2250,"('石新路', '观平路')",2250
2251,"('石新路', '东湖路(观澜)')",2251
2252,"('油松路', '布龙路')",2252
2253,"('油松路', '工业路')",2253
2254,"('油松路', '东环一路')",2254
2255,"('油松路', '东环二路')",2255
2256,"('裕新路', '环观南路')",2256
2257,"('裕新路', '高尔夫大道')",2257
2258,"('悦兴路', '泗黎路')",2258
2259,"('悦兴路', '人民路(观澜)')",2259
2260,"('中环路', '布龙路')",2260
2261,"('中环路', '工业路')",2261
2262,"('中环路', '和平路(龙华)')",2262
2263,"('中环路', '公园路(龙华)')",2263
2264,"('滨海二路', '银滩路')",2264
2265,"('滨海二路', '葵南路')",2265
2266,"('滨海二路', '坪西路')",2266
2267,"('海滨北路', '海滨南路')",2267
2268,"('海滨北路', '东沙路')",2268
2269,"('海滨北路', '水头路')",2269
2270,"('海滨南路', '同富路')",2270
2271,"('海滨南路', '海滨北路')",2271
2272,"('葵鹏路', '迭福路')",2272
2273,"('葵鹏路', '观海湾大沙滩')",2273
2274,"('葵鹏路', '雷公山隧道')",2274
2275,"('葵鹏路', '金业大道')",2275
2276,"('南西公路', '西冲')",2276
2277,"('南西公路', '东涌路')",2277
2278,"('南西公路', '同富路')",2278
2279,"('坪西路', '水头路')",2279
2280,"('坪西路', '滨海二路')",2280
2281,"('坪西路', '振兴路')",2281
2282,"('坪西路', '岭南路')",2282
2283,"('坪西路', '鹏飞路')",2283
2284,"('坪西路', '葵鹏路')",2284
2285,"('坪西路', '盐坝高速')",2285
2286,"('鹏飞路', '岭澳大道')",2286
2287,"('鹏飞路', '东山路')",2287
2288,"('鹏飞路', '银滩路')",2288
2289,"('鹏飞路', '公园路')",2289
2290,"('鹏飞路', '人民路')",2290
2291,"('鹏飞路', '迎宾路')",2291
2292,"('金葵中路', '金业大道')",2292
2293,"('金葵中路', '坪葵路')",2293
2294,"('延安路', '金葵东路')",2294
2295,"('延安路', '金业大道')",2295
2296,"('金岭路', '金业大道')",2296
2297,"('金岭路', '坪葵路')",2297
2298,"('金业大道', '葵鹏路')",2298
2299,"('金业大道', '金葵中路')",2299
2300,"('金业大道', '延安路')",2300
2301,"('金业大道', '金岭路')",2301
2302,"('水头路', '海滨北路')",2302
2303,"('水头路', '葵南路')",2303
2304,"('葵南路', '龙岐路')",2304
2305,"('葵南路', '滨海二路')",2305
2306,"('葵南路', '公园路')",2306
2307,"('迎宾路', '公园路')",2307
2308,"('迎宾路', '中山路')",2308
2309,"('迎宾路', '鹏飞路')",2309
2310,"('中山路', '公园路(大鹏)')",2310
2311,"('中山路', '迎宾路')",2311
2312,"('红岗路', '粤宝路')",2312
2313,"('红岗路', '清平高速公路')",2313
2314,"('留仙三路', '南光高速公路')",2314
2315,"('留仙三路', '洪浪北二路')",2315
2316,"('留仙三路', '创业二路')",2316
2317,"('惠盐南路', '北山道')",2317
2318,"('惠盐南路', '惠盐中路')",2318
2319,"('楼岗大道', '南环大道')",2319
2320,"('楼岗大道', '田园路')",2320
2321,"('楼岗大道', '松岗大道')",2321
2322,"('楼岗大道', '广深公路')",2322
2323,"('新玉路', '南光高速公路')",2323
2324,"('新玉路', '广深高速公路')",2324
2325,"('洲石玉支线', '洲石公路')",2325
2326,"('洲石玉支线', '石岩湖路')",2326
2327,"('洲石玉支线', '根玉路')",2327
2328,"('观光路', '高尔夫大道')",2328
2329,"('观光路', '桂花路')",2329
2330,"('观光路', '泗黎路')",2330
2331,"('观光路', '福前路')",2331
2332,"('观光路', '浪荣路')",2332
2333,"('观光路', '光侨大道')",2333
2334,"('观光路', '光明大道')",2334
2335,"('龙兴北路', '龙兴南路')",2335
2336,"('龙兴北路', '坪梓路')",2336
2337,"('锦龙大道', '八号路')",2337
2338,"('锦龙大道', '坪山大道')",2338
2339,"('锦龙大道', '金碧路(坪山)')",2339
2340,"('锦龙大道', '宝龙大道')",2340
2341,"('锦龙大道', '南同大道')",2341
2342,"('平龙路', '平龙西路')",2342
2343,"('平龙路', '凤凰大道')",2343
2344,"('平龙路', '益民路')",2344
2345,"('平龙路', '平新路')",2345
2346,"('平龙路', '工业大道')",2346
2347,"('平龙路', '中环大道')",2347
2348,"('平龙路', '嘉湖路')",2348
2349,"('平龙路', '环观南路')",2349
2350,"('五和大道', '梅坂大道')",2350
2351,"('五和大道', '雅园路')",2351
2352,"('五和大道', '永香西路')",2352
2353,"('五和大道', '布龙路')",2353
2354,"('五和大道', '吉华路')",2354
2355,"('五和大道', '贝尔路')",2355
2356,"('五和大道', '稼先路')",2356
2357,"('五和大道', '雪岗北路')",2357
2358,"('五和大道', '坂李大道')",2358
2359,"('五和大道', '清新路')",2359
2360,"('五和大道', '环观南路')",2360
2361,"('坪葵路', '盐坝高速')",2361
2362,"('坪葵路', '金葵中路')",2362
2363,"('坪葵路', '金岭路')",2363
2364,"('坪葵路', '坪头岭登山路')",2364
2365,"('坪葵路', '罗葵路')",2365
2366,"('坪葵路', '比亚迪路')",2366
2367,"('坪葵路', '东纵路')",2367
2368,"('沙江路', '松岗大道')",2368
2369,"('沙江路', '松罗路')",2369
2370,"('沙江路', '广深公路')",2370
2371,"('沙江路', '宝安大道')",2371
2372,"('沙江路', '广深高速公路')",2372
2373,"('大和路', '雪岗北路')",2373
2374,"('大和路', '清华东路')",2374
2375,"('大和路', '清平路')",2375
2376,"('大和路', '机荷高速公路')",2376
2377,"('大和路', '环观南路')",2377
2378,"('大和路', '人民路(观澜)')",2378
2379,"('大和路', '环观中路')",2379
2380,"('大和路', '观澜大道')",2380
2381,"('东湖路(罗湖)', '丹平快速路')",2381
2382,"('东湖路(罗湖)', '太白路')",2382
2383,"('东湖路(罗湖)', '金稻田路')",2383
2384,"('公明北环大道', '华发北路')",2384
2385,"('公明北环大道', '长春北路')",2385
2386,"('公明北环大道', '下村路')",2386
2387,"('公明北环大道', '南光高速公路')",2387
2388,"('公明北环大道', '西环大道')",2388
2389,"('公明北环大道', '民生大道')",2389
2390,"('红荔路', '红岭中路')",2390
2391,"('红荔路', '上步中路')",2391
2392,"('红荔路', '华强北路')",2392
2393,"('红荔路', '华富路')",2393
2394,"('红荔路', '皇岗路')",2394
2395,"('红荔路', '彩田路')",2395
2396,"('红荔路', '金田路(福田)')",2396
2397,"('红荔路', '益田路')",2397
2398,"('红荔路', '新洲路')",2398
2399,"('红棉路', '立信路')",2399
2400,"('红棉路', '布澜路')",2400
2401,"('华美路', '田园路')",2401
2402,"('华美路', '松岗大道')",2402
2403,"('立新路', '政丰北路')",2403
2404,"('立新路', '大洋路')",2404
2405,"('荔园路(福永)', '桥塘路')",2405
2406,"('荔园路(福永)', '永福路')",2406
2407,"('荔园路(福永)', '松福大道')",2407
2408,"('荔园路(福永)', '沿江高速')",2408
2409,"('梅园路', '洪湖西路')",2409
2410,"('梅园路', '宝岗路')",2410
2411,"('梅园路', '红岭北路')",2411
2412,"('民治大道', '梅坂大道')",2412
2413,"('民治大道', '民乐路')",2413
2414,"('民治大道', '民丰路')",2414
2415,"('民治大道', '民旺路')",2415
2416,"('民治大道', '布龙路')",2416
2417,"('民治大道', '工业路')",2417
2418,"('南山大道', '东滨路')",2418
2419,"('南山大道', '创业路(南山)')",2419
2420,"('南山大道', '滨海大道')",2420
2421,"('南山大道', '桃园路')",2421
2422,"('南山大道', '深南大道')",2422
2423,"('南山大道', '玉泉路')",2423
2424,"('南山大道', '中山园路')",2424
2425,"('泥岗西路', '泥岗东路')",2425
2426,"('泥岗西路', '八卦路')",2426
2427,"('泥岗西路', '北环大道')",2427
2428,"('泥岗西路', '华富路')",2428
2429,"('前海路', '兴海大道')",2429
2430,"('前海路', '沿江高速')",2430
2431,"('前海路', '东滨路')",2431
2432,"('前海路', '创业路(南山)')",2432
2433,"('前海路', '桂庙路')",2433
2434,"('前海路', '学府路')",2434
2435,"('前海路', '桃园路')",2435
2436,"('前海路', '南头街')",2436
2437,"('前海路', '宝安大道')",2437
2438,"('福民路(福田)', '福强路')",2438
2439,"('福民路(福田)', '金田路(福田)')",2439
2440,"('福民路(福田)', '益田路')",2440
2441,"('福民路(福田)', '新洲路')",2441
2442,"('福前路', '悦兴路')",2442
2443,"('福前路', '观光路')",2443
2444,"('福前路', '桂月路')",2444
2445,"('清林路', '德政路')",2445
2446,"('清林路', '吉祥路')",2446
2447,"('清林路', '爱心路')",2447
2448,"('清林路', '黄阁路')",2448
2449,"('清林路', '盐龙大道')",2449
2450,"('新东路', '高山角')",2450
2451,"('新东路', '沙湾')",2451
2452,"('新东路', '东大路')",2452
2453,"('新东路', '碧东路')",2453
2454,"('新东路', '新大路')",2454
2455,"('新园路', '晒布路')",2455
2456,"('新园路', '解放路')",2456
2457,"('兴业路', '海秀路')",2457
2458,"('兴业路', '罗田路')",2458
2459,"('兴业路', '新安六路')",2459
2460,"('兴业路', '海城路')",2460
2461,"('兴业路', '西乡大道')",2461
2462,"('兴业路', '银田路')",2462
2463,"('盐龙大道', '龙岗大道')",2463
2464,"('盐龙大道', '教育北路')",2464
2465,"('盐龙大道', '农轩路')",2465
2466,"('盐龙大道', '新生路')",2466
2467,"('盐龙大道', '龙西中路')",2467
2468,"('盐龙大道', '长兴北路')",2468
2469,"('盐龙大道', '友谊路')",2469
2470,"('盐龙大道', '回龙路')",2470
2471,"('盐龙大道', '愉龙路')",2471
2472,"('盐龙大道', '黄阁路')",2472
2473,"('盐龙大道', '龙平西路')",2473
2474,"('盐龙大道', '清林路')",2474
2475,"('盐龙大道', '如意路(龙岗)')",2475
2476,"('盐龙大道', '龙翔大道')",2476
2477,"('永和路', '福洲大道（福永）')",2477
2478,"('永和路', '豪业路')",2478
2479,"('永和路', '重庆路')",2479
2480,"('永和路', '桥和路')",2480
2481,"('永和路', '和秀西路')",2481
2482,"('永和路', '荔园路(福永)')",2482
2483,"('永和路', '凤塘大道')",2483
2484,"('永和路', '兴业西路')",2484
2485,"('永香西路', '民康路')",2485
2486,"('永香西路', '五和大道')",2486
2487,"('政丰北路', '政丰南路')",2487
2488,"('政丰北路', '福海大道')",2488
2489,"('政丰北路', '立新路')",2489
2490,"('中心大道', '滨海二路')",2490
2491,"('中心大道', '鹏飞路')",2491
2492,"('金葵东路', '延安路')",2492
2493,"('金葵东路', '银葵路')",2493
2494,"('金葵东路', '金业大道')",2494
2495,"('创业二路', '宝石路')",2495
2496,"('创业二路', '留仙一路')",2496
2497,"('创业二路', '新安三路')",2497
2498,"('创业二路', '前进一路')",2498
2499,"('创业二路', '广深公路')",2499
2500,"('创业路(公明)', '风景路')",2500
2501,"('创业路(公明)', '创维路')",2501
2502,"('创业路(公明)', '人民路(公明)')",2502
2503,"('创业一路', '广深公路')",2503
2504,"('创业一路', '宝安大道')",2504
2505,"('创业一路', '新湖路')",2505
2506,"('创业一路', '裕安一路')",2506
2507,"('翠竹路(龙岗)', '银威路')",2507
2508,"('翠竹路(龙岗)', '龙岗大道')",2508
2509,"('翠竹路(罗湖)', '东门北路')",2509
2510,"('翠竹路(罗湖)', '太宁路')",2510
2511,"('翠竹路(罗湖)', '布心路')",2511
2512,"('福中路(福田)', '皇岗路')",2512
2513,"('福中路(福田)', '彩田路')",2513
2514,"('福中路(福田)', '金田路(福田)')",2514
2515,"('福中路(福田)', '益田路')",2515
2516,"('福中路(福田)', '新洲路')",2516
2517,"('福中路(宝安)', '广深公路')",2517
2518,"('福中路(宝安)', '怀德南路')",2518
2519,"('公园路(新安)', '新安二路')",2519
2520,"('公园路(新安)', '创业二路')",2520
2521,"('公园路(新安)', '裕安二路')",2521
2522,"('公园路(新安)', '上川路')",2522
2523,"('公园路(新安)', '新安四路')",2523
2524,"('公园路(新安)', '流塘路')",2524
2525,"('公园路(新安)', '西乡大道')",2525
2526,"('公园路(新安)', '曦城大道')",2526
2527,"('公园路(龙华)', '工业路')",2527
2528,"('公园路(龙华)', '人民路(龙华)')",2528
2529,"('公园路(大鹏)', '葵南路')",2529
2530,"('公园路(大鹏)', '鹏飞路')",2530
2531,"('横坪公路(横岗)', '金碧路(坪山)')",2531
2532,"('横坪公路(横岗)', '沙荷路')",2532
2533,"('横坪公路(横岗)', '龙岗大道')",2533
2534,"('横坪公路(横岗)', '水官高速')",2534
2535,"('吉祥路(石岩)', '河滨南路')",2535
2536,"('吉祥路(石岩)', '宝石东路')",2536
2537,"('吉祥路(龙岗)', '龙岗大道')",2537
2538,"('吉祥路(龙岗)', '龙翔大道')",2538
2539,"('吉祥路(龙岗)', '清林路')",2539
2540,"('吉祥路(龙岗)', '龙福路')",2540
2541,"('吉祥路(龙岗)', '龙平西路')",2541
2542,"('吉祥路(龙岗)', '回龙路')",2542
2543,"('建设路(龙华)', '新区大道')",2543
2544,"('建设路(龙华)', '布龙路')",2544
2545,"('建设路(龙华)', '工业路')",2545
2546,"('建设路(龙华)', '人民路(龙华)')",2546
2547,"('建设路(龙华)', '东环一路')",2547
2548,"('建设路(龙华)', '东环二路')",2548
2549,"('建设路(龙岗)', '龙翔大道')",2549
2550,"('建设路(龙岗)', '龙福路')",2550
2551,"('建设路(罗湖)', '人民南路(罗湖)')",2551
2552,"('建设路(罗湖)', '嘉宾路')",2552
2553,"('建设路(罗湖)', '人民公园路')",2553
2554,"('建设路(坪山)', '东胜街')",2554
2555,"('建设路(坪山)', '深汕路')",2555
2556,"('金碧路(罗湖)', '泥岗西路')",2556
2557,"('金碧路(罗湖)', '北环大道')",2557
2558,"('金碧路(坪山)', '东纵路')",2558
2559,"('金碧路(坪山)', '锦龙大道')",2559
2560,"('金碧路(坪山)', '汤坑路')",2560
2561,"('金碧路(坪山)', '横坪公路(横岗)')",2561
2562,"('金沙路(坑梓)', '丹梓大道')",2562
2563,"('金沙路(坑梓)', '坪山大道')",2563
2564,"('金田路(坪山)', '二零六县道')",2564
2565,"('金田路(坪山)', '创景路')",2565
2566,"('金田路(坪山)', '横塘路')",2566
2567,"('金田路(坪山)', '东纵路')",2567
2568,"('莲花路(福田)', '彩田路')",2568
2569,"('莲花路(福田)', '宏威路')",2569
2570,"('莲花路(福田)', '雨田路')",2570
2571,"('莲花路(福田)', '新洲路')",2571
2572,"('莲花路(福田)', '景田路')",2572
2573,"('莲花路(福田)', '香梅路')",2573
2574,"('莲花路(布吉)', '吉华路')",2574
2575,"('莲花路(布吉)', '西环路(布吉)')",2575
2576,"('人民北路', '晒布路')",2576
2577,"('人民北路', '笋岗东路')",2577
2578,"('人民路(观澜)', '大和路')",2578
2579,"('人民路(观澜)', '观澜大道')",2579
2580,"('人民路(观澜)', '悦兴路')",2580
2581,"('人民路(公明)', '创业路(公明)')",2581
2582,"('人民路(公明)', '松白路')",2582
2583,"('人民路(龙华)', '福龙路')",2583
2584,"('人民路(龙华)', '新区大道')",2584
2585,"('人民路(龙华)', '布龙路')",2585
2586,"('人民路(龙华)', '龙胜路')",2586
2587,"('人民路(龙华)', '工业路')",2587
2588,"('人民路(龙华)', '建设路(龙华)')",2588
2589,"('人民路(龙华)', '和平路(龙华)')",2589
2590,"('人民路(龙华)', '公园路(龙华)')",2590
2591,"('人民路(龙华)', '龙观路')",2591
2592,"('人民路(坑梓)', '金沙路(坑梓)')",2592
2593,"('人民路(坑梓)', '宝梓中路')",2593
2594,"('人民路(坑梓)', '光祖北路')",2594
2595,"('人民南路(罗湖)', '和平路(罗湖)')",2595
2596,"('人民南路(罗湖)', '船步路')",2596
2597,"('人民南路(罗湖)', '深南东路')",2597
2598,"('如意路(石岩)', '罗租路')",2598
2599,"('如意路(石岩)', '田心大道')",2599
2600,"('如意路(龙岗)', '宝荷路')",2600
2601,"('如意路(龙岗)', '龙岗大道')",2601
2602,"('如意路(龙岗)', '龙翔大道')",2602
2603,"('如意路(龙岗)', '黄阁路')",2603
2604,"('如意路(龙岗)', '龙飞大道')",2604
2605,"('如意路(龙岗)', '盐龙大道')",2605
2606,"('如意路(龙岗)', '东莞')",2606
2607,"('同富路(福永)', '福洲大道（福永）')",2607
2608,"('同富路(福永)', '豪业路')",2608
2609,"('同富路(福永)', '重庆路')",2609
2610,"('同富路(福永)', '桥和路')",2610
2611,"('同富路(龙岗)', '爱南路')",2611
2612,"('同富路(龙岗)', '鸿基路')",2612
2613,"('同富路(龙岗)', '莱茵路')",2613
2614,"('同富路(坪山)', '锦龙大道')",2614
2615,"('同富路(坪山)', '黄竹坑路')",2615
2616,"('同富路(南澳)', '南西路')",2616
2617,"('同富路(南澳)', '海滨南路')",2617
2618,"('梧桐路(横岗)', '龙岗大道')",2618
2619,"('梧桐路(横岗)', '红棉路')",2619
2620,"('西环路(布吉)', '红岗路')",2620
2621,"('西环路(布吉)', '莲花路')",2621
2622,"('西环路(布吉)', '龙岭西路')",2622
2623,"('西环路(布吉)', '吉华路')",2623
2624,"('西环路(沙井)', '永福路')",2624
2625,"('西环路(沙井)', '南环路')",2625
2626,"('西环路(沙井)', '万安路')",2626
2627,"('西环路(沙井)', '新沙路(沙井)')",2627
2628,"('西环路(沙井)', '蚝乡路')",2628
2629,"('西环路(沙井)', '北环路')",2629
2630,"('西环路(沙井)', '新和大道')",2630
2631,"('新沙路(沙井)', '东环路')",2631
2632,"('新沙路(沙井)', '广深公路')",2632
2633,"('新沙路(沙井)', '中心路（宝安）')",2633
2634,"('新沙路(沙井)', '宝安大道')",2634
2635,"('新沙路(沙井)', '环镇路')",2635
2636,"('新沙路(沙井)', '沙井路')",2636
2637,"('新沙路(沙井)', '西环路(沙井)')",2637
2638,"('新沙路(沙井)', '松福大道')",2638
2639,"('新沙路(沙井)', '锦程路')",2639
2640,"('兴华路(福永)', '广深高速公路')",2640
2641,"('兴华路(福永)', '宝安大道')",2641
2642,"('兴华路(坪地)', '发展路')",2642
2643,"('兴华路(坪地)', '教育中路')",2643
2644,"('兴华路(坪地)', '香元排路')",2644
2645,"('兴华路(坪地)', '花园路')",2645
2646,"('雪岗南路', '吉华路')",2646
2647,"('雪岗南路', '坂雪岗大道')",2647
2648,"('中兴路(布吉)', '政清路')",2648
2649,"('中兴路(布吉)', '吉政路')",2649
2650,"('中兴路(布吉)', '吉华路')",2650
2651,"('中兴路(罗湖)', '文锦中路')",2651
2652,"('中兴路(罗湖)', '兴湖路')",2652
2653,"('中兴路(坪山)', '东纵路')",2653
2654,"('中兴路(坪山)', '建设路(坪山)')",2654
2655,"('和平路(罗湖)', '人民南路(罗湖)')",2655
2656,"('和平路(罗湖)', '船步路')",2656
2657,"('和平路(罗湖)', '嘉宾路')",2657
2658,"('和平路(罗湖)', '深南东路')",2658
2659,"('和平路(龙华)', '华清大道')",2659
2660,"('和平路(龙华)', '清龙路')",2660
2661,"('和平路(龙华)', '东环二路')",2661
2662,"('和平路(龙华)', '东环一路')",2662
2663,"('和平路(龙华)', '人民路(龙华)')",2663
2664,"('和平路(龙华)', '工业路')",2664
2665,"('和平路(龙华)', '布龙路')",2665
2666,"('和平路(龙华)', '新区大道')",2666
2667,"('和平路(龙华)', '福龙路')",2667
2668,"('芙蓉西路', '广深高速公路')",2668
2669,"('芙蓉西路', '新和大道')",2669
2670,"('松福大道', '福洲大道（福永）')",2670
2671,"('松福大道', '重庆路')",2671
2672,"('松福大道', '桥和路')",2672
2673,"('松福大道', '荔园路(福永)')",2673
2674,"('松福大道', '凤塘大道')",2674
2675,"('松福大道', '兴业西路')",2675
2676,"('松福大道', '南环路')",2676
2677,"('松福大道', '万安路')",2677
2678,"('松福大道', '新沙路(沙井)')",2678
2679,"('松福大道', '民主大道')",2679
2680,"('松福大道', '蚝乡路')",2680
2681,"('松福大道', '北环路')",2681
2682,"('松福大道', '新和大道')",2682
2683,"('松福大道', '向兴路')",2683
2684,"('松福大道', '京港澳高速辅')",2684
2685,"('松福大道', '宝安大道辅道')",2685
2686,"('松福大道', '田园路')",2686
2687,"('金科路', '甲岸南路')",2687
2688,"('金科路', '裕安路')",2688
2689,"('金科路', '罗田路')",2689
2690,"('广泰路', '留仙一路')",2690
2691,"('广泰路', '曦城大道')",2691
2692,"('广盛路', '广泰路')",2692
2693,"('广盛路', '曦城大道')",2693
2694,"('尖岗山大道', '曦城大道')",2694
2695,"('尖岗山大道', '水库路')",2695
2696,"('育才路', '机荷高速公路')",2696
2697,"('育才路', '罗租路')",2697
2698,"('塘家大道', '塘福街')",2698
2699,"('塘家大道', '光明大道')",2699
2700,"('牛山路', '华夏路')",2700
2701,"('牛山路', '碧眼路')",2701
2702,"('兴通路', '华夏二路')",2702
2703,"('兴通路', '高新路')",2703
2704,"('东滨隧道', '东滨路')",2704
2705,"('东滨隧道', '广深沿江高速公路')",2705
2706,"('望海路', '工业一路')",2706
2707,"('望海路', '公园南路(南山)')",2707
2708,"('望海路', '八号路')",2708
2709,"('望海路', '沿江高速')",2709
2710,"('望海路', '沙河西路')",2710
2711,"('工业一路', '望海路')",2711
2712,"('工业一路', '南海大道')",2712
2713,"('公园北路(南山)', '招商路')",2713
2714,"('公园北路(南山)', '工业七路')",2714
2715,"('公园北路(南山)', '工业八路')",2715
2716,"('公园南路(南山)', '望海路')",2716
2717,"('公园南路(南山)', '招商路')",2717
2718,"('创业路(南山)', '科苑大道')",2718
2719,"('创业路(南山)', '后海滨路')",2719
2720,"('创业路(南山)', '后海大道')",2720
2721,"('创业路(南山)', '南海大道')",2721
2722,"('创业路(南山)', '南山大道')",2722
2723,"('创业路(南山)', '前海路')",2723
2724,"('创业路(南山)', '月亮湾大道')",2724
2725,"('龙珠八路', '北环大道')",2725
2726,"('龙珠八路', '龙珠大道')",2726
2727,"('塘朗山隧道', '北环大道')",2727
2728,"('塘朗山隧道', '南坪快速路')",2728
2729,"('深云路', '侨香路')",2729
2730,"('深云路', '塘朗山隧道')",2730
2731,"('大富路', '桂香路')",2731
2732,"('大富路', '桂月路')",2732
2733,"('金田路(福田)', '福强路')",2733
2734,"('金田路(福田)', '福民路(福田)')",2734
2735,"('金田路(福田)', '滨河大道')",2735
2736,"('金田路(福田)', '福华路')",2736
2737,"('金田路(福田)', '深南大道')",2737
2738,"('金田路(福田)', '红荔路')",2738
2739,"('湖南路', '百鸽路')",2739
2740,"('湖南路', '龙岗大道')",2740
2741,"('东湖路(观澜)', '石新路')",2741
2742,"('东湖路(观澜)', '观天路')",2742
2743,"('深峰路', '龙岗大道')",2743
2744,"('深峰路', '水官高速')",2744
2745,"('广达路', '龙岗大道')",2745
2746,"('广达路', '红棉三路')",2746
2747,"('深汕路', '坪山大道')",2747
2748,"('深汕路', '东纵路')",2748
2749,"('深汕路', '宝龙大道')",2749
2750,"('深汕路', '同力路')",2750
2751,"('深汕路', '同心路')",2751
2752,"('深汕路', '惠盐高速公路')",2752
2753,"('深汕路', '爱南路')",2753
2754,"('深汕路', '鸿基路')",2754
2755,"('深汕路', '龙南路')",2755
2756,"('深汕路', '龙岗大道')",2756
2757,"('人民东路', '金沙路(坑梓)')",2757
2758,"('人民东路', '坪山大道')",2758
2759,"('宝梓中路', '丹梓大道')",2759
2760,"('宝梓中路', '人民路(坑梓)')",2760
2761,"('福民路(坪山)', '金田路(坪山)')",2761
2762,"('福民路(坪山)', '福民桥')",2762
2763,"('横塘路', '金田路(坪山)')",2763
2764,"('横塘路', '金牛路')",2764
2765,"('华强路', '延安路')",2765
2766,"('华强路', '葵新路')",2766
2767,"('福华一路', '金田路(福田)')",2767
2768,"('福华一路', '益田路')",2768
2769,"('福华一路', '民田路')",2769
2770,"('福华一路', '新洲路')",2770
2771,"('沙荷路', '宝荷路')",2771
2772,"('沙荷路', '荷康路')",2772
2773,"('沙荷路', '横坪公路')",2773
2774,"('沙荷路', '山子下路')",2774
2775,"('沙荷路', '惠盐中路')",2775
2776,"('沙荷路', '富康路')",2776
2777,"('沙荷路', '六和路')",2777
2778,"('沙荷路', '盐排高速')",2778
2779,"('荷康路', '沙荷路')",2779
2780,"('荷康路', '龙岗大道')",2780
2781,"('环梅路', '盐梅路')",2781
2782,"('环梅路', '艺海路')",2782
2783,"('艺海路', '环梅路')",2783
2784,"('艺海路', '环碧路')",2784
2785,"('金运路', '中兴路(布吉)')",2785
2786,"('金运路', '布龙路')",2786
2787,"('国威路', '畔山路')",2787
2788,"('国威路', '聚宝路')",2788
2789,"('国威路', '仙湖路')",2789
2790,"('国威路', '鹏兴路')",2790
2791,"('畔山路', '港莲路')",2791
2792,"('畔山路', '国威路')",2792
2793,"('畔山路', '聚宝路')",2793
2794,"('鹏兴路', '罗沙路')",2794
2795,"('鹏兴路', '仙湖路')",2795
2796,"('鹏兴路', '国威路')",2796
2797,"('龙珠四路', '龙珠大道')",2797
2798,"('龙珠四路', '龙井路')",2798
2799,"('龙珠四路', '北环大道')",2799
2800,"('仙堡路', '龙珠四路')",2800
2801,"('仙堡路', '沙河东路')",2801
2802,"(' 龙珠三路', '龙井路')",2802
2803,"(' 龙珠三路', '龙珠大道')",2803
2804,"('华南大道', '一号路')",2804
2805,"('华南大道', '国际大道')",2805
2806,"('华南大道', '富安大道')",2806
2807,"('一号路（龙岗）', '华南大道')",2807
2808,"('一号路（龙岗）', '平新北路')",2808
2809,"('梦海大道', '前湾四路')",2809
2810,"('梦海大道', '怡海大道')",2810
2811,"('梦海大道', '前海一路')",2811
2812,"('梦海大道', '桂湾三路')",2812
2813,"('梦海大道', '湖滨西路')",2813
2814,"('怡海大道', '梦海大道')",2814
2815,"('怡海大道', '前海一路')",2815
2816,"('怡海大道', '关口二路')",2816
2817,"('听海大道', '沿江高速')",2817
2818,"('听海大道', '前海一路')",2818
2819,"('前海一路', '月亮湾大道')",2819
2820,"('前海一路', '怡海大道')",2820
2821,"('前海一路', '梦海大道')",2821
2822,"('前海一路', '听海大道')",2822
2823,"('机场南路', '广深高速公路')",2823
2824,"('机场南路', '领航高架')",2824
2825,"('领航高架', '机场南路')",2825
2826,"('领航高架', '空港八道')",2826
2827,"('福洲大道', '洲石公路')",2827
2828,"('福洲大道', '凤凰山隧道')",2828
2829,"('周家大道', '富利南路')",2829
2830,"('周家大道', '根玉路')",2830
2831,"('富利南路', '周家大道')",2831
2832,"('富利南路', '人民路(公明)')",2832
2833,"('石岩外环路', '石岩北环路')",2833
2834,"('石岩外环路', '龙大高速公路')",2834
2835,"('龙观快速', '观光路')",2835
2836,"('龙观快速', '大浪南路')",2836
2837,"('民和路', '观澜大道')",2837
2838,"('民和路', '观光路')",2838
2839,"('石皮山隧道', '环观南路')",2839
2840,"('石皮山隧道', '观平路')",2840
2841,"('坂李大道', '布澜路')",2841
2842,"('坂李大道', '板澜大道')",2842
2843,"('坂李大道', '五和大道')",2843
2844,"('板澜大道', '坂李大道')",2844
2845,"('板澜大道', '环观南路')",2845
2846,"('平大路', '平龙路')",2846
2847,"('平大路', '新厦大道')",2847
2848,"('平大路', '环观南路')",2848
2849,"('龙坪路', '比亚迪路')",2849
2850,"('龙坪路', '东纵路')",2850
2851,"('龙坪路', '金牛路')",2851
2852,"('葵坝路', '坝核公路')",2852
2853,"('葵坝路', '延安路')",2853
2854,"('月亮湾大道高架', '妈湾大道')",2854
2855,"('月亮湾大道高架', '兴海大道')",2855
2856,"('凤凰山隧道', '福凤路')",2856
2857,"('凤凰山隧道', '福州大道')",2857
2858,"('广深沿江高速公路', '东滨隧道')",2858
2859,"('广深沿江高速公路', '前海收费站')",2859
2860,"('广深沿江高速公路', '西乡南收费站')",2860
2861,"('广深沿江高速公路', '西乡北收费站')",2861
2862,"('广深沿江高速公路', '福永收费站')",2862
2863,"('广深沿江高速公路', '长安收费站')",2863
2864,"('盐排高速公路', '惠深沿海高速公路')",2864
2865,"('盐排高速公路', '盐田收费站')",2865
2866,"('盐排高速公路', '长深高速出入口')",2866
2867,"('盐排高速公路', '横岗收费站')",2867
2868,"('盐排高速公路', '水盐立交')",2868
2869,"('盐排高速公路', '排榜立交')",2869
2870,"('盐排高速公路', '凤岗收费站')",2870
2871,"('水官高速公路', '龙岗收费站')",2871
2872,"('水官高速公路', '横坪收费站')",2872
2873,"('水官高速公路', '水盐立交')",2873
2874,"('水官高速公路', '平沙收费站')",2874
2875,"('水官高速公路', '布澜收费站')",2875
2876,"('水官高速公路', '布龙收费站')",2876
2877,"('清平高速公路', '红岗路')",2877
2878,"('清平高速公路', '神龙收费站')",2878
2879,"('清平高速公路', '龙景收费站')",2879
2880,"('清平高速公路', '沈海高速公路')",2880
2881,"('清平高速公路', '富安收费站')",2881
2882,"('清平高速公路', '金龙收费站')",2882
2883,"('盐坝高速公路', '小桂收费站')",2883
2884,"('盐坝高速公路', '坝光收费站')",2884
2885,"('盐坝高速公路', '葵涌收费站')",2885
2886,"('盐坝高速公路', '土洋收费站')",2886
2887,"('盐坝高速公路', '溪涌收费站')",2887
2888,"('盐坝高速公路', '小梅沙收费站')",2888
2889,"('盐坝高速公路', '大梅沙收费站')",2889
2890,"('盐坝高速公路', '明珠立交')",2890
2891,"('盐坝高速公路', '仁深高速公路')",2891
2892,"('龙大高速公路', '福龙路')",2892
2893,"('龙大高速公路', '朗田收费站')",2893
2894,"('龙大高速公路', '石龙仔收费站')",2894
2895,"('龙大高速公路', '光明收费站')",2895
2896,"('龙大高速公路', '楼村收费站')",2896
2897,"('龙大高速公路', '松岗收费站')",2897
2898,"('龙大高速公路', '莞佛高速公路')",2898
2899,"('南光高速公路', '南坪快速路')",2899
2900,"('南光高速公路', '白芒收费站')",2900
2901,"('南光高速公路', '宝石收费站')",2901
2902,"('南光高速公路', '洲石收费站')",2902
2903,"('南光高速公路', '塘明收费站')",2903
2904,"('南光高速公路', '下村收费站')",2904
2905,"('南光高速公路', '松岗收费站')",2905
2906,"('惠盐高速公路', '机荷高速公路')",2906
2907,"('惠盐高速公路', '龙岗收费站')",2907
2908,"('惠盐高速公路', '富地岗收费站')",2908
2909,"('惠盐高速公路', '新圩收费站')",2909
2910,"('广深高速公路', '皇岗收费站')",2910
2911,"('广深高速公路', '福田收费站')",2911
2912,"('广深高速公路', '南坪收费站')",2912
2913,"('广深高速公路', '南头收费站')",2913
2914,"('广深高速公路', '宝安收费站')",2914
2915,"('广深高速公路', '鹤洲收费站')",2915
2916,"('广深高速公路', '福永收费站')",2916
2917,"('广深高速公路', '沙井收费站')",2917
2918,"('广深高速公路', '新桥收费站')",2918
2919,"('广深高速公路', '长安收费站')",2919
2920,"('梅观高速公路', '梅观路')",2920
2921,"('梅观高速公路', '清湖立交')",2921
2922,"('梅观高速公路', '观澜收费站')",2922
2923,"('梅观高速公路', 'G94珠三角环线高速出入口')",2923
2924,"('机荷高速公路', '惠盐高速公路')",2924
2925,"('机荷高速公路', '水官高速公路')",2925
2926,"('机荷高速公路', '排榜立交')",2926
2927,"('机荷高速公路', '白泥坑收费站')",2927
2928,"('机荷高速公路', '平湖收费站')",2928
2929,"('机荷高速公路', '清平高速公路')",2929
2930,"('机荷高速公路', '清湖立交')",2930
2931,"('机荷高速公路', '福民收费站')",2931
2932,"('机荷高速公路', '水郎收费站')",2932
2933,"('机荷高速公路', '溪之谷收费站')",2933
2934,"('机荷高速公路', '石岩收费站')",2934
2935,"('机荷高速公路', '南光高速公路')",2935
2936,"('机荷高速公路', '黄鹤收费站')",2936
2937,"('深汕高速公路', '淡水收费站')",2937
2938,"('深汕高速公路', '坑梓收费站')",2938
2939,"('深汕高速公路', '龙岗收费站')",2939
